date,name,total,fillColor,wday
2020-01-01T00:00:00Z,8th Ave at 50th St.,1643,Weekday,4
2020-01-01T00:00:00Z,Amsterdam Ave at 86th St.,1019,Weekday,4
2020-01-01T00:00:00Z,Broadway at 50th St,0,Weekday,4
2020-01-01T00:00:00Z,Brooklyn Bridge Bike Path,254,Weekday,4
2020-01-01T00:00:00Z,Columbus Ave at 86th St.,766,Weekday,4
2020-01-01T00:00:00Z,Ed Koch Queensboro Bridge Shared Path,1075,Weekday,4
2020-01-01T00:00:00Z,Kent Avenue Bike Path,722,Weekday,4
2020-01-01T00:00:00Z,Manhattan Bridge Display Bike Counter,1030,Weekday,4
2020-01-01T00:00:00Z,Manhattan Bridge Ped Path,71,Weekday,4
2020-01-01T00:00:00Z,Prospect Park West,1175,Weekday,4
2020-01-01T00:00:00Z,Pulaski Bridge,443,Weekday,4
2020-01-01T00:00:00Z,Staten Island Ferry,154,Weekday,4
2020-01-01T00:00:00Z,Williamsburg Bridge Bike Path,1240,Weekday,4
2020-01-02T00:00:00Z,8th Ave at 50th St.,2837,Weekday,5
2020-01-02T00:00:00Z,Amsterdam Ave at 86th St.,1300,Weekday,5
2020-01-02T00:00:00Z,Broadway at 50th St,0,Weekday,5
2020-01-02T00:00:00Z,Brooklyn Bridge Bike Path,924,Weekday,5
2020-01-02T00:00:00Z,Columbus Ave at 86th St.,1043,Weekday,5
2020-01-02T00:00:00Z,Ed Koch Queensboro Bridge Shared Path,2743,Weekday,5
2020-01-02T00:00:00Z,Kent Avenue Bike Path,1352,Weekday,5
2020-01-02T00:00:00Z,Manhattan Bridge Display Bike Counter,3046,Weekday,5
2020-01-02T00:00:00Z,Manhattan Bridge Ped Path,113,Weekday,5
2020-01-02T00:00:00Z,Prospect Park West,1695,Weekday,5
2020-01-02T00:00:00Z,Pulaski Bridge,1212,Weekday,5
2020-01-02T00:00:00Z,Staten Island Ferry,299,Weekday,5
2020-01-02T00:00:00Z,Williamsburg Bridge Bike Path,3247,Weekday,5
2020-01-03T00:00:00Z,8th Ave at 50th St.,2446,Weekday,6
2020-01-03T00:00:00Z,Amsterdam Ave at 86th St.,1326,Weekday,6
2020-01-03T00:00:00Z,Broadway at 50th St,1034,Weekday,6
2020-01-03T00:00:00Z,Brooklyn Bridge Bike Path,487,Weekday,6
2020-01-03T00:00:00Z,Columbus Ave at 86th St.,1010,Weekday,6
2020-01-03T00:00:00Z,Ed Koch Queensboro Bridge Shared Path,1955,Weekday,6
2020-01-03T00:00:00Z,Kent Avenue Bike Path,1022,Weekday,6
2020-01-03T00:00:00Z,Manhattan Bridge Display Bike Counter,1570,Weekday,6
2020-01-03T00:00:00Z,Manhattan Bridge Ped Path,68,Weekday,6
2020-01-03T00:00:00Z,Prospect Park West,1410,Weekday,6
2020-01-03T00:00:00Z,Pulaski Bridge,788,Weekday,6
2020-01-03T00:00:00Z,Staten Island Ferry,242,Weekday,6
2020-01-03T00:00:00Z,Williamsburg Bridge Bike Path,2093,Weekday,6
2020-01-04T00:00:00Z,8th Ave at 50th St.,2396,Weekend,7
2020-01-04T00:00:00Z,Amsterdam Ave at 86th St.,1411,Weekend,7
2020-01-04T00:00:00Z,Broadway at 50th St,0,Weekend,7
2020-01-04T00:00:00Z,Brooklyn Bridge Bike Path,325,Weekend,7
2020-01-04T00:00:00Z,Columbus Ave at 86th St.,1024,Weekend,7
2020-01-04T00:00:00Z,Ed Koch Queensboro Bridge Shared Path,1658,Weekend,7
2020-01-04T00:00:00Z,Kent Avenue Bike Path,1192,Weekend,7
2020-01-04T00:00:00Z,Manhattan Bridge Display Bike Counter,1241,Weekend,7
2020-01-04T00:00:00Z,Manhattan Bridge Ped Path,84,Weekend,7
2020-01-04T00:00:00Z,Prospect Park West,1509,Weekend,7
2020-01-04T00:00:00Z,Pulaski Bridge,753,Weekend,7
2020-01-04T00:00:00Z,Staten Island Ferry,191,Weekend,7
2020-01-04T00:00:00Z,Williamsburg Bridge Bike Path,1914,Weekend,7
2020-01-05T00:00:00Z,8th Ave at 50th St.,2215,Weekend,1
2020-01-05T00:00:00Z,Amsterdam Ave at 86th St.,1416,Weekend,1
2020-01-05T00:00:00Z,Broadway at 50th St,0,Weekend,1
2020-01-05T00:00:00Z,Brooklyn Bridge Bike Path,244,Weekend,1
2020-01-05T00:00:00Z,Columbus Ave at 86th St.,1070,Weekend,1
2020-01-05T00:00:00Z,Ed Koch Queensboro Bridge Shared Path,1578,Weekend,1
2020-01-05T00:00:00Z,Kent Avenue Bike Path,1160,Weekend,1
2020-01-05T00:00:00Z,Manhattan Bridge Display Bike Counter,1454,Weekend,1
2020-01-05T00:00:00Z,Manhattan Bridge Ped Path,84,Weekend,1
2020-01-05T00:00:00Z,Prospect Park West,1471,Weekend,1
2020-01-05T00:00:00Z,Pulaski Bridge,739,Weekend,1
2020-01-05T00:00:00Z,Staten Island Ferry,199,Weekend,1
2020-01-05T00:00:00Z,Williamsburg Bridge Bike Path,1855,Weekend,1
2020-01-06T00:00:00Z,8th Ave at 50th St.,2752,Weekday,2
2020-01-06T00:00:00Z,Amsterdam Ave at 86th St.,1243,Weekday,2
2020-01-06T00:00:00Z,Broadway at 50th St,0,Weekday,2
2020-01-06T00:00:00Z,Brooklyn Bridge Bike Path,929,Weekday,2
2020-01-06T00:00:00Z,Columbus Ave at 86th St.,994,Weekday,2
2020-01-06T00:00:00Z,Ed Koch Queensboro Bridge Shared Path,2665,Weekday,2
2020-01-06T00:00:00Z,Kent Avenue Bike Path,1386,Weekday,2
2020-01-06T00:00:00Z,Manhattan Bridge Display Bike Counter,2869,Weekday,2
2020-01-06T00:00:00Z,Manhattan Bridge Ped Path,98,Weekday,2
2020-01-06T00:00:00Z,Prospect Park West,1589,Weekday,2
2020-01-06T00:00:00Z,Pulaski Bridge,1050,Weekday,2
2020-01-06T00:00:00Z,Staten Island Ferry,322,Weekday,2
2020-01-06T00:00:00Z,Williamsburg Bridge Bike Path,3245,Weekday,2
2020-01-07T00:00:00Z,8th Ave at 50th St.,3009,Weekday,3
2020-01-07T00:00:00Z,Amsterdam Ave at 86th St.,1225,Weekday,3
2020-01-07T00:00:00Z,Broadway at 50th St,0,Weekday,3
2020-01-07T00:00:00Z,Brooklyn Bridge Bike Path,1030,Weekday,3
2020-01-07T00:00:00Z,Columbus Ave at 86th St.,1000,Weekday,3
2020-01-07T00:00:00Z,Ed Koch Queensboro Bridge Shared Path,2769,Weekday,3
2020-01-07T00:00:00Z,Kent Avenue Bike Path,1441,Weekday,3
2020-01-07T00:00:00Z,Manhattan Bridge Display Bike Counter,2971,Weekday,3
2020-01-07T00:00:00Z,Manhattan Bridge Ped Path,94,Weekday,3
2020-01-07T00:00:00Z,Prospect Park West,1662,Weekday,3
2020-01-07T00:00:00Z,Pulaski Bridge,1151,Weekday,3
2020-01-07T00:00:00Z,Staten Island Ferry,309,Weekday,3
2020-01-07T00:00:00Z,Williamsburg Bridge Bike Path,3505,Weekday,3
2020-01-08T00:00:00Z,8th Ave at 50th St.,2803,Weekday,4
2020-01-08T00:00:00Z,Amsterdam Ave at 86th St.,1206,Weekday,4
2020-01-08T00:00:00Z,Broadway at 50th St,0,Weekday,4
2020-01-08T00:00:00Z,Brooklyn Bridge Bike Path,834,Weekday,4
2020-01-08T00:00:00Z,Columbus Ave at 86th St.,992,Weekday,4
2020-01-08T00:00:00Z,Ed Koch Queensboro Bridge Shared Path,2517,Weekday,4
2020-01-08T00:00:00Z,Kent Avenue Bike Path,1292,Weekday,4
2020-01-08T00:00:00Z,Manhattan Bridge Display Bike Counter,2699,Weekday,4
2020-01-08T00:00:00Z,Manhattan Bridge Ped Path,72,Weekday,4
2020-01-08T00:00:00Z,Prospect Park West,1657,Weekday,4
2020-01-08T00:00:00Z,Pulaski Bridge,1113,Weekday,4
2020-01-08T00:00:00Z,Staten Island Ferry,277,Weekday,4
2020-01-08T00:00:00Z,Williamsburg Bridge Bike Path,3083,Weekday,4
2020-01-09T00:00:00Z,8th Ave at 50th St.,2840,Weekday,5
2020-01-09T00:00:00Z,Amsterdam Ave at 86th St.,1183,Weekday,5
2020-01-09T00:00:00Z,Broadway at 50th St,0,Weekday,5
2020-01-09T00:00:00Z,Brooklyn Bridge Bike Path,776,Weekday,5
2020-01-09T00:00:00Z,Columbus Ave at 86th St.,1026,Weekday,5
2020-01-09T00:00:00Z,Ed Koch Queensboro Bridge Shared Path,2384,Weekday,5
2020-01-09T00:00:00Z,Kent Avenue Bike Path,1162,Weekday,5
2020-01-09T00:00:00Z,Manhattan Bridge Display Bike Counter,2371,Weekday,5
2020-01-09T00:00:00Z,Manhattan Bridge Ped Path,75,Weekday,5
2020-01-09T00:00:00Z,Prospect Park West,1537,Weekday,5
2020-01-09T00:00:00Z,Pulaski Bridge,992,Weekday,5
2020-01-09T00:00:00Z,Staten Island Ferry,284,Weekday,5
2020-01-09T00:00:00Z,Williamsburg Bridge Bike Path,2825,Weekday,5
2020-01-10T00:00:00Z,8th Ave at 50th St.,3263,Weekday,6
2020-01-10T00:00:00Z,Amsterdam Ave at 86th St.,1440,Weekday,6
2020-01-10T00:00:00Z,Broadway at 50th St,0,Weekday,6
2020-01-10T00:00:00Z,Brooklyn Bridge Bike Path,1041,Weekday,6
2020-01-10T00:00:00Z,Columbus Ave at 86th St.,1234,Weekday,6
2020-01-10T00:00:00Z,Ed Koch Queensboro Bridge Shared Path,3059,Weekday,6
2020-01-10T00:00:00Z,Kent Avenue Bike Path,1677,Weekday,6
2020-01-10T00:00:00Z,Manhattan Bridge Display Bike Counter,3323,Weekday,6
2020-01-10T00:00:00Z,Manhattan Bridge Ped Path,112,Weekday,6
2020-01-10T00:00:00Z,Prospect Park West,1902,Weekday,6
2020-01-10T00:00:00Z,Pulaski Bridge,1327,Weekday,6
2020-01-10T00:00:00Z,Staten Island Ferry,335,Weekday,6
2020-01-10T00:00:00Z,Williamsburg Bridge Bike Path,3940,Weekday,6
2020-01-11T00:00:00Z,8th Ave at 50th St.,2888,Weekend,7
2020-01-11T00:00:00Z,Amsterdam Ave at 86th St.,1493,Weekend,7
2020-01-11T00:00:00Z,Broadway at 50th St,0,Weekend,7
2020-01-11T00:00:00Z,Brooklyn Bridge Bike Path,863,Weekend,7
2020-01-11T00:00:00Z,Columbus Ave at 86th St.,1368,Weekend,7
2020-01-11T00:00:00Z,Ed Koch Queensboro Bridge Shared Path,3038,Weekend,7
2020-01-11T00:00:00Z,Kent Avenue Bike Path,2710,Weekend,7
2020-01-11T00:00:00Z,Manhattan Bridge Display Bike Counter,3440,Weekend,7
2020-01-11T00:00:00Z,Manhattan Bridge Ped Path,168,Weekend,7
2020-01-11T00:00:00Z,Prospect Park West,2832,Weekend,7
2020-01-11T00:00:00Z,Pulaski Bridge,1699,Weekend,7
2020-01-11T00:00:00Z,Staten Island Ferry,369,Weekend,7
2020-01-11T00:00:00Z,Williamsburg Bridge Bike Path,4592,Weekend,7
2020-01-12T00:00:00Z,8th Ave at 50th St.,2728,Weekend,1
2020-01-12T00:00:00Z,Amsterdam Ave at 86th St.,1576,Weekend,1
2020-01-12T00:00:00Z,Broadway at 50th St,0,Weekend,1
2020-01-12T00:00:00Z,Brooklyn Bridge Bike Path,810,Weekend,1
2020-01-12T00:00:00Z,Columbus Ave at 86th St.,1271,Weekend,1
2020-01-12T00:00:00Z,Ed Koch Queensboro Bridge Shared Path,2480,Weekend,1
2020-01-12T00:00:00Z,Kent Avenue Bike Path,2559,Weekend,1
2020-01-12T00:00:00Z,Manhattan Bridge Display Bike Counter,2684,Weekend,1
2020-01-12T00:00:00Z,Manhattan Bridge Ped Path,136,Weekend,1
2020-01-12T00:00:00Z,Prospect Park West,2259,Weekend,1
2020-01-12T00:00:00Z,Pulaski Bridge,1545,Weekend,1
2020-01-12T00:00:00Z,Staten Island Ferry,278,Weekend,1
2020-01-12T00:00:00Z,Williamsburg Bridge Bike Path,3879,Weekend,1
2020-01-13T00:00:00Z,8th Ave at 50th St.,2966,Weekday,2
2020-01-13T00:00:00Z,Amsterdam Ave at 86th St.,1392,Weekday,2
2020-01-13T00:00:00Z,Broadway at 50th St,0,Weekday,2
2020-01-13T00:00:00Z,Brooklyn Bridge Bike Path,1206,Weekday,2
2020-01-13T00:00:00Z,Columbus Ave at 86th St.,1107,Weekday,2
2020-01-13T00:00:00Z,Ed Koch Queensboro Bridge Shared Path,3136,Weekday,2
2020-01-13T00:00:00Z,Kent Avenue Bike Path,1515,Weekday,2
2020-01-13T00:00:00Z,Manhattan Bridge Display Bike Counter,3477,Weekday,2
2020-01-13T00:00:00Z,Manhattan Bridge Ped Path,102,Weekday,2
2020-01-13T00:00:00Z,Prospect Park West,1814,Weekday,2
2020-01-13T00:00:00Z,Pulaski Bridge,1350,Weekday,2
2020-01-13T00:00:00Z,Staten Island Ferry,343,Weekday,2
2020-01-13T00:00:00Z,Williamsburg Bridge Bike Path,3923,Weekday,2
2020-01-14T00:00:00Z,8th Ave at 50th St.,2891,Weekday,3
2020-01-14T00:00:00Z,Amsterdam Ave at 86th St.,1228,Weekday,3
2020-01-14T00:00:00Z,Broadway at 50th St,0,Weekday,3
2020-01-14T00:00:00Z,Brooklyn Bridge Bike Path,853,Weekday,3
2020-01-14T00:00:00Z,Columbus Ave at 86th St.,1036,Weekday,3
2020-01-14T00:00:00Z,Ed Koch Queensboro Bridge Shared Path,2627,Weekday,3
2020-01-14T00:00:00Z,Kent Avenue Bike Path,1359,Weekday,3
2020-01-14T00:00:00Z,Manhattan Bridge Display Bike Counter,2649,Weekday,3
2020-01-14T00:00:00Z,Manhattan Bridge Ped Path,94,Weekday,3
2020-01-14T00:00:00Z,Prospect Park West,1596,Weekday,3
2020-01-14T00:00:00Z,Pulaski Bridge,1104,Weekday,3
2020-01-14T00:00:00Z,Staten Island Ferry,313,Weekday,3
2020-01-14T00:00:00Z,Williamsburg Bridge Bike Path,3354,Weekday,3
2020-01-15T00:00:00Z,8th Ave at 50th St.,3374,Weekday,4
2020-01-15T00:00:00Z,Amsterdam Ave at 86th St.,1443,Weekday,4
2020-01-15T00:00:00Z,Broadway at 50th St,0,Weekday,4
2020-01-15T00:00:00Z,Brooklyn Bridge Bike Path,1328,Weekday,4
2020-01-15T00:00:00Z,Columbus Ave at 86th St.,1161,Weekday,4
2020-01-15T00:00:00Z,Ed Koch Queensboro Bridge Shared Path,3325,Weekday,4
2020-01-15T00:00:00Z,Kent Avenue Bike Path,1872,Weekday,4
2020-01-15T00:00:00Z,Manhattan Bridge Display Bike Counter,3931,Weekday,4
2020-01-15T00:00:00Z,Manhattan Bridge Ped Path,132,Weekday,4
2020-01-15T00:00:00Z,Prospect Park West,1915,Weekday,4
2020-01-15T00:00:00Z,Pulaski Bridge,1459,Weekday,4
2020-01-15T00:00:00Z,Staten Island Ferry,334,Weekday,4
2020-01-15T00:00:00Z,Williamsburg Bridge Bike Path,4727,Weekday,4
2020-01-16T00:00:00Z,8th Ave at 50th St.,2983,Weekday,5
2020-01-16T00:00:00Z,Amsterdam Ave at 86th St.,1415,Weekday,5
2020-01-16T00:00:00Z,Broadway at 50th St,0,Weekday,5
2020-01-16T00:00:00Z,Brooklyn Bridge Bike Path,959,Weekday,5
2020-01-16T00:00:00Z,Columbus Ave at 86th St.,1138,Weekday,5
2020-01-16T00:00:00Z,Ed Koch Queensboro Bridge Shared Path,2661,Weekday,5
2020-01-16T00:00:00Z,Kent Avenue Bike Path,1283,Weekday,5
2020-01-16T00:00:00Z,Manhattan Bridge Display Bike Counter,2902,Weekday,5
2020-01-16T00:00:00Z,Manhattan Bridge Ped Path,98,Weekday,5
2020-01-16T00:00:00Z,Prospect Park West,1734,Weekday,5
2020-01-16T00:00:00Z,Pulaski Bridge,1127,Weekday,5
2020-01-16T00:00:00Z,Staten Island Ferry,284,Weekday,5
2020-01-16T00:00:00Z,Williamsburg Bridge Bike Path,3398,Weekday,5
2020-01-17T00:00:00Z,8th Ave at 50th St.,2802,Weekday,6
2020-01-17T00:00:00Z,Amsterdam Ave at 86th St.,1305,Weekday,6
2020-01-17T00:00:00Z,Broadway at 50th St,0,Weekday,6
2020-01-17T00:00:00Z,Brooklyn Bridge Bike Path,626,Weekday,6
2020-01-17T00:00:00Z,Columbus Ave at 86th St.,1130,Weekday,6
2020-01-17T00:00:00Z,Ed Koch Queensboro Bridge Shared Path,2138,Weekday,6
2020-01-17T00:00:00Z,Kent Avenue Bike Path,1081,Weekday,6
2020-01-17T00:00:00Z,Manhattan Bridge Display Bike Counter,1895,Weekday,6
2020-01-17T00:00:00Z,Manhattan Bridge Ped Path,55,Weekday,6
2020-01-17T00:00:00Z,Prospect Park West,1410,Weekday,6
2020-01-17T00:00:00Z,Pulaski Bridge,845,Weekday,6
2020-01-17T00:00:00Z,Staten Island Ferry,287,Weekday,6
2020-01-17T00:00:00Z,Williamsburg Bridge Bike Path,2402,Weekday,6
2020-01-18T00:00:00Z,8th Ave at 50th St.,1977,Weekend,7
2020-01-18T00:00:00Z,Amsterdam Ave at 86th St.,941,Weekend,7
2020-01-18T00:00:00Z,Broadway at 50th St,0,Weekend,7
2020-01-18T00:00:00Z,Brooklyn Bridge Bike Path,106,Weekend,7
2020-01-18T00:00:00Z,Columbus Ave at 86th St.,727,Weekend,7
2020-01-18T00:00:00Z,Ed Koch Queensboro Bridge Shared Path,1022,Weekend,7
2020-01-18T00:00:00Z,Kent Avenue Bike Path,591,Weekend,7
2020-01-18T00:00:00Z,Manhattan Bridge Display Bike Counter,558,Weekend,7
2020-01-18T00:00:00Z,Manhattan Bridge Ped Path,36,Weekend,7
2020-01-18T00:00:00Z,Prospect Park West,834,Weekend,7
2020-01-18T00:00:00Z,Pulaski Bridge,341,Weekend,7
2020-01-18T00:00:00Z,Staten Island Ferry,162,Weekend,7
2020-01-18T00:00:00Z,Williamsburg Bridge Bike Path,958,Weekend,7
2020-01-19T00:00:00Z,8th Ave at 50th St.,2164,Weekend,1
2020-01-19T00:00:00Z,Amsterdam Ave at 86th St.,1291,Weekend,1
2020-01-19T00:00:00Z,Broadway at 50th St,0,Weekend,1
2020-01-19T00:00:00Z,Brooklyn Bridge Bike Path,254,Weekend,1
2020-01-19T00:00:00Z,Columbus Ave at 86th St.,974,Weekend,1
2020-01-19T00:00:00Z,Ed Koch Queensboro Bridge Shared Path,1353,Weekend,1
2020-01-19T00:00:00Z,Kent Avenue Bike Path,1045,Weekend,1
2020-01-19T00:00:00Z,Manhattan Bridge Display Bike Counter,1174,Weekend,1
2020-01-19T00:00:00Z,Manhattan Bridge Ped Path,71,Weekend,1
2020-01-19T00:00:00Z,Prospect Park West,1232,Weekend,1
2020-01-19T00:00:00Z,Pulaski Bridge,648,Weekend,1
2020-01-19T00:00:00Z,Staten Island Ferry,209,Weekend,1
2020-01-19T00:00:00Z,Williamsburg Bridge Bike Path,1774,Weekend,1
2020-01-20T00:00:00Z,8th Ave at 50th St.,2149,Weekday,2
2020-01-20T00:00:00Z,Amsterdam Ave at 86th St.,1203,Weekday,2
2020-01-20T00:00:00Z,Broadway at 50th St,0,Weekday,2
2020-01-20T00:00:00Z,Brooklyn Bridge Bike Path,297,Weekday,2
2020-01-20T00:00:00Z,Columbus Ave at 86th St.,891,Weekday,2
2020-01-20T00:00:00Z,Ed Koch Queensboro Bridge Shared Path,1676,Weekday,2
2020-01-20T00:00:00Z,Kent Avenue Bike Path,977,Weekday,2
2020-01-20T00:00:00Z,Manhattan Bridge Display Bike Counter,1173,Weekday,2
2020-01-20T00:00:00Z,Manhattan Bridge Ped Path,49,Weekday,2
2020-01-20T00:00:00Z,Prospect Park West,1295,Weekday,2
2020-01-20T00:00:00Z,Pulaski Bridge,624,Weekday,2
2020-01-20T00:00:00Z,Staten Island Ferry,225,Weekday,2
2020-01-20T00:00:00Z,Williamsburg Bridge Bike Path,1798,Weekday,2
2020-01-21T00:00:00Z,8th Ave at 50th St.,2687,Weekday,3
2020-01-21T00:00:00Z,Amsterdam Ave at 86th St.,1279,Weekday,3
2020-01-21T00:00:00Z,Broadway at 50th St,0,Weekday,3
2020-01-21T00:00:00Z,Brooklyn Bridge Bike Path,762,Weekday,3
2020-01-21T00:00:00Z,Columbus Ave at 86th St.,862,Weekday,3
2020-01-21T00:00:00Z,Ed Koch Queensboro Bridge Shared Path,2252,Weekday,3
2020-01-21T00:00:00Z,Kent Avenue Bike Path,1169,Weekday,3
2020-01-21T00:00:00Z,Manhattan Bridge Display Bike Counter,2175,Weekday,3
2020-01-21T00:00:00Z,Manhattan Bridge Ped Path,82,Weekday,3
2020-01-21T00:00:00Z,Prospect Park West,1493,Weekday,3
2020-01-21T00:00:00Z,Pulaski Bridge,886,Weekday,3
2020-01-21T00:00:00Z,Staten Island Ferry,312,Weekday,3
2020-01-21T00:00:00Z,Williamsburg Bridge Bike Path,2719,Weekday,3
2020-01-22T00:00:00Z,8th Ave at 50th St.,2880,Weekday,4
2020-01-22T00:00:00Z,Amsterdam Ave at 86th St.,1210,Weekday,4
2020-01-22T00:00:00Z,Brooklyn Bridge Bike Path,903,Weekday,4
2020-01-22T00:00:00Z,Columbus Ave at 86th St.,982,Weekday,4
2020-01-22T00:00:00Z,Ed Koch Queensboro Bridge Shared Path,2661,Weekday,4
2020-01-22T00:00:00Z,Kent Avenue Bike Path,1407,Weekday,4
2020-01-22T00:00:00Z,Manhattan Bridge Display Bike Counter,2686,Weekday,4
2020-01-22T00:00:00Z,Manhattan Bridge Ped Path,90,Weekday,4
2020-01-22T00:00:00Z,Prospect Park West,1630,Weekday,4
2020-01-22T00:00:00Z,Pulaski Bridge,1141,Weekday,4
2020-01-22T00:00:00Z,Staten Island Ferry,320,Weekday,4
2020-01-22T00:00:00Z,Williamsburg Bridge Bike Path,3371,Weekday,4
2020-01-23T00:00:00Z,8th Ave at 50th St.,3079,Weekday,5
2020-01-23T00:00:00Z,Amsterdam Ave at 86th St.,1319,Weekday,5
2020-01-23T00:00:00Z,Brooklyn Bridge Bike Path,1107,Weekday,5
2020-01-23T00:00:00Z,Columbus Ave at 86th St.,1191,Weekday,5
2020-01-23T00:00:00Z,Ed Koch Queensboro Bridge Shared Path,2958,Weekday,5
2020-01-23T00:00:00Z,Kent Avenue Bike Path,1612,Weekday,5
2020-01-23T00:00:00Z,Manhattan Bridge Display Bike Counter,3182,Weekday,5
2020-01-23T00:00:00Z,Manhattan Bridge Ped Path,105,Weekday,5
2020-01-23T00:00:00Z,Prospect Park West,1868,Weekday,5
2020-01-23T00:00:00Z,Pulaski Bridge,1273,Weekday,5
2020-01-23T00:00:00Z,Staten Island Ferry,350,Weekday,5
2020-01-23T00:00:00Z,Williamsburg Bridge Bike Path,3670,Weekday,5
2020-01-24T00:00:00Z,8th Ave at 50th St.,3238,Weekday,6
2020-01-24T00:00:00Z,Amsterdam Ave at 86th St.,1451,Weekday,6
2020-01-24T00:00:00Z,Brooklyn Bridge Bike Path,1174,Weekday,6
2020-01-24T00:00:00Z,Columbus Ave at 86th St.,1236,Weekday,6
2020-01-24T00:00:00Z,Ed Koch Queensboro Bridge Shared Path,3087,Weekday,6
2020-01-24T00:00:00Z,Kent Avenue Bike Path,1797,Weekday,6
2020-01-24T00:00:00Z,Manhattan Bridge Display Bike Counter,3294,Weekday,6
2020-01-24T00:00:00Z,Manhattan Bridge Ped Path,120,Weekday,6
2020-01-24T00:00:00Z,Prospect Park West,1922,Weekday,6
2020-01-24T00:00:00Z,Pulaski Bridge,1365,Weekday,6
2020-01-24T00:00:00Z,Staten Island Ferry,359,Weekday,6
2020-01-24T00:00:00Z,Williamsburg Bridge Bike Path,3956,Weekday,6
2020-01-25T00:00:00Z,8th Ave at 50th St.,2094,Weekend,7
2020-01-25T00:00:00Z,Amsterdam Ave at 86th St.,1170,Weekend,7
2020-01-25T00:00:00Z,Brooklyn Bridge Bike Path,124,Weekend,7
2020-01-25T00:00:00Z,Columbus Ave at 86th St.,893,Weekend,7
2020-01-25T00:00:00Z,Ed Koch Queensboro Bridge Shared Path,1192,Weekend,7
2020-01-25T00:00:00Z,Kent Avenue Bike Path,810,Weekend,7
2020-01-25T00:00:00Z,Manhattan Bridge Display Bike Counter,759,Weekend,7
2020-01-25T00:00:00Z,Manhattan Bridge Ped Path,36,Weekend,7
2020-01-25T00:00:00Z,Prospect Park West,1140,Weekend,7
2020-01-25T00:00:00Z,Pulaski Bridge,449,Weekend,7
2020-01-25T00:00:00Z,Staten Island Ferry,164,Weekend,7
2020-01-25T00:00:00Z,Williamsburg Bridge Bike Path,1319,Weekend,7
2020-01-26T00:00:00Z,8th Ave at 50th St.,2525,Weekend,1
2020-01-26T00:00:00Z,Amsterdam Ave at 86th St.,1465,Weekend,1
2020-01-26T00:00:00Z,Brooklyn Bridge Bike Path,494,Weekend,1
2020-01-26T00:00:00Z,Columbus Ave at 86th St.,1106,Weekend,1
2020-01-26T00:00:00Z,Ed Koch Queensboro Bridge Shared Path,1999,Weekend,1
2020-01-26T00:00:00Z,Kent Avenue Bike Path,1620,Weekend,1
2020-01-26T00:00:00Z,Manhattan Bridge Display Bike Counter,1870,Weekend,1
2020-01-26T00:00:00Z,Manhattan Bridge Ped Path,104,Weekend,1
2020-01-26T00:00:00Z,Prospect Park West,1838,Weekend,1
2020-01-26T00:00:00Z,Pulaski Bridge,1040,Weekend,1
2020-01-26T00:00:00Z,Staten Island Ferry,240,Weekend,1
2020-01-26T00:00:00Z,Williamsburg Bridge Bike Path,2727,Weekend,1
2020-01-27T00:00:00Z,8th Ave at 50th St.,2882,Weekday,2
2020-01-27T00:00:00Z,Amsterdam Ave at 86th St.,1287,Weekday,2
2020-01-27T00:00:00Z,Brooklyn Bridge Bike Path,1117,Weekday,2
2020-01-27T00:00:00Z,Columbus Ave at 86th St.,1056,Weekday,2
2020-01-27T00:00:00Z,Ed Koch Queensboro Bridge Shared Path,3043,Weekday,2
2020-01-27T00:00:00Z,Kent Avenue Bike Path,1452,Weekday,2
2020-01-27T00:00:00Z,Manhattan Bridge Display Bike Counter,3211,Weekday,2
2020-01-27T00:00:00Z,Manhattan Bridge Ped Path,96,Weekday,2
2020-01-27T00:00:00Z,Prospect Park West,1721,Weekday,2
2020-01-27T00:00:00Z,Pulaski Bridge,1264,Weekday,2
2020-01-27T00:00:00Z,Staten Island Ferry,303,Weekday,2
2020-01-27T00:00:00Z,Williamsburg Bridge Bike Path,3733,Weekday,2
2020-01-28T00:00:00Z,8th Ave at 50th St.,3031,Weekday,3
2020-01-28T00:00:00Z,Amsterdam Ave at 86th St.,1269,Weekday,3
2020-01-28T00:00:00Z,Brooklyn Bridge Bike Path,1212,Weekday,3
2020-01-28T00:00:00Z,Columbus Ave at 86th St.,1102,Weekday,3
2020-01-28T00:00:00Z,Ed Koch Queensboro Bridge Shared Path,2943,Weekday,3
2020-01-28T00:00:00Z,Kent Avenue Bike Path,1504,Weekday,3
2020-01-28T00:00:00Z,Manhattan Bridge Display Bike Counter,3295,Weekday,3
2020-01-28T00:00:00Z,Manhattan Bridge Ped Path,131,Weekday,3
2020-01-28T00:00:00Z,Prospect Park West,1675,Weekday,3
2020-01-28T00:00:00Z,Pulaski Bridge,1265,Weekday,3
2020-01-28T00:00:00Z,Staten Island Ferry,331,Weekday,3
2020-01-28T00:00:00Z,Williamsburg Bridge Bike Path,3899,Weekday,3
2020-01-29T00:00:00Z,8th Ave at 50th St.,3067,Weekday,4
2020-01-29T00:00:00Z,Amsterdam Ave at 86th St.,1296,Weekday,4
2020-01-29T00:00:00Z,Brooklyn Bridge Bike Path,1125,Weekday,4
2020-01-29T00:00:00Z,Columbus Ave at 86th St.,1134,Weekday,4
2020-01-29T00:00:00Z,Ed Koch Queensboro Bridge Shared Path,2948,Weekday,4
2020-01-29T00:00:00Z,Kent Avenue Bike Path,1491,Weekday,4
2020-01-29T00:00:00Z,Manhattan Bridge Display Bike Counter,3142,Weekday,4
2020-01-29T00:00:00Z,Manhattan Bridge Ped Path,102,Weekday,4
2020-01-29T00:00:00Z,Prospect Park West,1721,Weekday,4
2020-01-29T00:00:00Z,Pulaski Bridge,1222,Weekday,4
2020-01-29T00:00:00Z,Staten Island Ferry,319,Weekday,4
2020-01-29T00:00:00Z,Williamsburg Bridge Bike Path,3635,Weekday,4
2020-01-30T00:00:00Z,8th Ave at 50th St.,3048,Weekday,5
2020-01-30T00:00:00Z,Amsterdam Ave at 86th St.,1378,Weekday,5
2020-01-30T00:00:00Z,Brooklyn Bridge Bike Path,863,Weekday,5
2020-01-30T00:00:00Z,Columbus Ave at 86th St.,1015,Weekday,5
2020-01-30T00:00:00Z,Ed Koch Queensboro Bridge Shared Path,2774,Weekday,5
2020-01-30T00:00:00Z,Kent Avenue Bike Path,1414,Weekday,5
2020-01-30T00:00:00Z,Manhattan Bridge Display Bike Counter,2759,Weekday,5
2020-01-30T00:00:00Z,Manhattan Bridge Ped Path,99,Weekday,5
2020-01-30T00:00:00Z,Prospect Park West,1742,Weekday,5
2020-01-30T00:00:00Z,Pulaski Bridge,1083,Weekday,5
2020-01-30T00:00:00Z,Staten Island Ferry,299,Weekday,5
2020-01-30T00:00:00Z,Williamsburg Bridge Bike Path,3421,Weekday,5
2020-01-31T00:00:00Z,8th Ave at 50th St.,3200,Weekday,6
2020-01-31T00:00:00Z,Amsterdam Ave at 86th St.,1483,Weekday,6
2020-01-31T00:00:00Z,Brooklyn Bridge Bike Path,874,Weekday,6
2020-01-31T00:00:00Z,Columbus Ave at 86th St.,1180,Weekday,6
2020-01-31T00:00:00Z,Ed Koch Queensboro Bridge Shared Path,2941,Weekday,6
2020-01-31T00:00:00Z,Kent Avenue Bike Path,1572,Weekday,6
2020-01-31T00:00:00Z,Manhattan Bridge Display Bike Counter,3036,Weekday,6
2020-01-31T00:00:00Z,Manhattan Bridge Ped Path,123,Weekday,6
2020-01-31T00:00:00Z,Prospect Park West,1858,Weekday,6
2020-01-31T00:00:00Z,Pulaski Bridge,1218,Weekday,6
2020-01-31T00:00:00Z,Staten Island Ferry,285,Weekday,6
2020-01-31T00:00:00Z,Williamsburg Bridge Bike Path,3545,Weekday,6
2020-02-01T00:00:00Z,8th Ave at 50th St.,2489,Weekend,7
2020-02-01T00:00:00Z,Amsterdam Ave at 86th St.,1355,Weekend,7
2020-02-01T00:00:00Z,Brooklyn Bridge Bike Path,380,Weekend,7
2020-02-01T00:00:00Z,Columbus Ave at 86th St.,1160,Weekend,7
2020-02-01T00:00:00Z,Ed Koch Queensboro Bridge Shared Path,1889,Weekend,7
2020-02-01T00:00:00Z,Kent Avenue Bike Path,1424,Weekend,7
2020-02-01T00:00:00Z,Manhattan Bridge Display Bike Counter,1649,Weekend,7
2020-02-01T00:00:00Z,Manhattan Bridge Ped Path,72,Weekend,7
2020-02-01T00:00:00Z,Prospect Park West,1824,Weekend,7
2020-02-01T00:00:00Z,Pulaski Bridge,903,Weekend,7
2020-02-01T00:00:00Z,Staten Island Ferry,190,Weekend,7
2020-02-01T00:00:00Z,Williamsburg Bridge Bike Path,2398,Weekend,7
2020-02-02T00:00:00Z,8th Ave at 50th St.,2410,Weekend,1
2020-02-02T00:00:00Z,Amsterdam Ave at 86th St.,1443,Weekend,1
2020-02-02T00:00:00Z,Brooklyn Bridge Bike Path,375,Weekend,1
2020-02-02T00:00:00Z,Columbus Ave at 86th St.,1213,Weekend,1
2020-02-02T00:00:00Z,Ed Koch Queensboro Bridge Shared Path,1760,Weekend,1
2020-02-02T00:00:00Z,Kent Avenue Bike Path,1337,Weekend,1
2020-02-02T00:00:00Z,Manhattan Bridge Display Bike Counter,1323,Weekend,1
2020-02-02T00:00:00Z,Manhattan Bridge Ped Path,59,Weekend,1
2020-02-02T00:00:00Z,Prospect Park West,1487,Weekend,1
2020-02-02T00:00:00Z,Pulaski Bridge,876,Weekend,1
2020-02-02T00:00:00Z,Staten Island Ferry,208,Weekend,1
2020-02-02T00:00:00Z,Williamsburg Bridge Bike Path,1954,Weekend,1
2020-02-03T00:00:00Z,8th Ave at 50th St.,3188,Weekday,2
2020-02-03T00:00:00Z,Amsterdam Ave at 86th St.,1403,Weekday,2
2020-02-03T00:00:00Z,Brooklyn Bridge Bike Path,1417,Weekday,2
2020-02-03T00:00:00Z,Columbus Ave at 86th St.,1146,Weekday,2
2020-02-03T00:00:00Z,Ed Koch Queensboro Bridge Shared Path,3428,Weekday,2
2020-02-03T00:00:00Z,Kent Avenue Bike Path,1878,Weekday,2
2020-02-03T00:00:00Z,Manhattan Bridge Display Bike Counter,3789,Weekday,2
2020-02-03T00:00:00Z,Manhattan Bridge Ped Path,126,Weekday,2
2020-02-03T00:00:00Z,Prospect Park West,1821,Weekday,2
2020-02-03T00:00:00Z,Pulaski Bridge,1430,Weekday,2
2020-02-03T00:00:00Z,Staten Island Ferry,322,Weekday,2
2020-02-03T00:00:00Z,Williamsburg Bridge Bike Path,4509,Weekday,2
2020-02-04T00:00:00Z,8th Ave at 50th St.,3184,Weekday,3
2020-02-04T00:00:00Z,Amsterdam Ave at 86th St.,1418,Weekday,3
2020-02-04T00:00:00Z,Brooklyn Bridge Bike Path,998,Weekday,3
2020-02-04T00:00:00Z,Columbus Ave at 86th St.,1078,Weekday,3
2020-02-04T00:00:00Z,Ed Koch Queensboro Bridge Shared Path,2788,Weekday,3
2020-02-04T00:00:00Z,Kent Avenue Bike Path,1525,Weekday,3
2020-02-04T00:00:00Z,Manhattan Bridge Display Bike Counter,2853,Weekday,3
2020-02-04T00:00:00Z,Manhattan Bridge Ped Path,109,Weekday,3
2020-02-04T00:00:00Z,Prospect Park West,1618,Weekday,3
2020-02-04T00:00:00Z,Pulaski Bridge,1185,Weekday,3
2020-02-04T00:00:00Z,Staten Island Ferry,291,Weekday,3
2020-02-04T00:00:00Z,Williamsburg Bridge Bike Path,3593,Weekday,3
2020-02-05T00:00:00Z,8th Ave at 50th St.,3149,Weekday,4
2020-02-05T00:00:00Z,Amsterdam Ave at 86th St.,1344,Weekday,4
2020-02-05T00:00:00Z,Brooklyn Bridge Bike Path,1046,Weekday,4
2020-02-05T00:00:00Z,Columbus Ave at 86th St.,1108,Weekday,4
2020-02-05T00:00:00Z,Ed Koch Queensboro Bridge Shared Path,2956,Weekday,4
2020-02-05T00:00:00Z,Kent Avenue Bike Path,1599,Weekday,4
2020-02-05T00:00:00Z,Manhattan Bridge Display Bike Counter,3059,Weekday,4
2020-02-05T00:00:00Z,Manhattan Bridge Ped Path,95,Weekday,4
2020-02-05T00:00:00Z,Prospect Park West,1736,Weekday,4
2020-02-05T00:00:00Z,Pulaski Bridge,1294,Weekday,4
2020-02-05T00:00:00Z,Staten Island Ferry,296,Weekday,4
2020-02-05T00:00:00Z,Williamsburg Bridge Bike Path,3715,Weekday,4
2020-02-06T00:00:00Z,8th Ave at 50th St.,2666,Weekday,5
2020-02-06T00:00:00Z,Amsterdam Ave at 86th St.,1200,Weekday,5
2020-02-06T00:00:00Z,Brooklyn Bridge Bike Path,489,Weekday,5
2020-02-06T00:00:00Z,Columbus Ave at 86th St.,969,Weekday,5
2020-02-06T00:00:00Z,Ed Koch Queensboro Bridge Shared Path,1910,Weekday,5
2020-02-06T00:00:00Z,Kent Avenue Bike Path,965,Weekday,5
2020-02-06T00:00:00Z,Manhattan Bridge Display Bike Counter,1411,Weekday,5
2020-02-06T00:00:00Z,Manhattan Bridge Ped Path,61,Weekday,5
2020-02-06T00:00:00Z,Prospect Park West,1172,Weekday,5
2020-02-06T00:00:00Z,Pulaski Bridge,658,Weekday,5
2020-02-06T00:00:00Z,Staten Island Ferry,239,Weekday,5
2020-02-06T00:00:00Z,Williamsburg Bridge Bike Path,1933,Weekday,5
2020-02-07T00:00:00Z,8th Ave at 50th St.,2710,Weekday,6
2020-02-07T00:00:00Z,Amsterdam Ave at 86th St.,1426,Weekday,6
2020-02-07T00:00:00Z,Brooklyn Bridge Bike Path,486,Weekday,6
2020-02-07T00:00:00Z,Columbus Ave at 86th St.,1038,Weekday,6
2020-02-07T00:00:00Z,Ed Koch Queensboro Bridge Shared Path,1960,Weekday,6
2020-02-07T00:00:00Z,Kent Avenue Bike Path,948,Weekday,6
2020-02-07T00:00:00Z,Manhattan Bridge Display Bike Counter,1636,Weekday,6
2020-02-07T00:00:00Z,Manhattan Bridge Ped Path,61,Weekday,6
2020-02-07T00:00:00Z,Prospect Park West,1374,Weekday,6
2020-02-07T00:00:00Z,Pulaski Bridge,734,Weekday,6
2020-02-07T00:00:00Z,Staten Island Ferry,239,Weekday,6
2020-02-07T00:00:00Z,Williamsburg Bridge Bike Path,2190,Weekday,6
2020-02-08T00:00:00Z,8th Ave at 50th St.,2571,Weekend,7
2020-02-08T00:00:00Z,Amsterdam Ave at 86th St.,1381,Weekend,7
2020-02-08T00:00:00Z,Brooklyn Bridge Bike Path,449,Weekend,7
2020-02-08T00:00:00Z,Columbus Ave at 86th St.,1122,Weekend,7
2020-02-08T00:00:00Z,Ed Koch Queensboro Bridge Shared Path,1824,Weekend,7
2020-02-08T00:00:00Z,Kent Avenue Bike Path,1345,Weekend,7
2020-02-08T00:00:00Z,Manhattan Bridge Display Bike Counter,1749,Weekend,7
2020-02-08T00:00:00Z,Manhattan Bridge Ped Path,111,Weekend,7
2020-02-08T00:00:00Z,Prospect Park West,1787,Weekend,7
2020-02-08T00:00:00Z,Pulaski Bridge,914,Weekend,7
2020-02-08T00:00:00Z,Staten Island Ferry,224,Weekend,7
2020-02-08T00:00:00Z,Williamsburg Bridge Bike Path,2451,Weekend,7
2020-02-09T00:00:00Z,8th Ave at 50th St.,2528,Weekend,1
2020-02-09T00:00:00Z,Amsterdam Ave at 86th St.,1472,Weekend,1
2020-02-09T00:00:00Z,Brooklyn Bridge Bike Path,453,Weekend,1
2020-02-09T00:00:00Z,Columbus Ave at 86th St.,1140,Weekend,1
2020-02-09T00:00:00Z,Ed Koch Queensboro Bridge Shared Path,1794,Weekend,1
2020-02-09T00:00:00Z,Kent Avenue Bike Path,1382,Weekend,1
2020-02-09T00:00:00Z,Manhattan Bridge Display Bike Counter,1682,Weekend,1
2020-02-09T00:00:00Z,Manhattan Bridge Ped Path,85,Weekend,1
2020-02-09T00:00:00Z,Prospect Park West,1711,Weekend,1
2020-02-09T00:00:00Z,Pulaski Bridge,927,Weekend,1
2020-02-09T00:00:00Z,Staten Island Ferry,214,Weekend,1
2020-02-09T00:00:00Z,Williamsburg Bridge Bike Path,2217,Weekend,1
2020-02-10T00:00:00Z,8th Ave at 50th St.,2294,Weekday,2
2020-02-10T00:00:00Z,Amsterdam Ave at 86th St.,1076,Weekday,2
2020-02-10T00:00:00Z,Brooklyn Bridge Bike Path,527,Weekday,2
2020-02-10T00:00:00Z,Columbus Ave at 86th St.,871,Weekday,2
2020-02-10T00:00:00Z,Ed Koch Queensboro Bridge Shared Path,1864,Weekday,2
2020-02-10T00:00:00Z,Kent Avenue Bike Path,853,Weekday,2
2020-02-10T00:00:00Z,Manhattan Bridge Display Bike Counter,1340,Weekday,2
2020-02-10T00:00:00Z,Manhattan Bridge Ped Path,74,Weekday,2
2020-02-10T00:00:00Z,Prospect Park West,1039,Weekday,2
2020-02-10T00:00:00Z,Pulaski Bridge,626,Weekday,2
2020-02-10T00:00:00Z,Staten Island Ferry,226,Weekday,2
2020-02-10T00:00:00Z,Williamsburg Bridge Bike Path,1883,Weekday,2
2020-02-11T00:00:00Z,8th Ave at 50th St.,2654,Weekday,3
2020-02-11T00:00:00Z,Amsterdam Ave at 86th St.,1162,Weekday,3
2020-02-11T00:00:00Z,Brooklyn Bridge Bike Path,593,Weekday,3
2020-02-11T00:00:00Z,Columbus Ave at 86th St.,915,Weekday,3
2020-02-11T00:00:00Z,Ed Koch Queensboro Bridge Shared Path,2071,Weekday,3
2020-02-11T00:00:00Z,Kent Avenue Bike Path,1050,Weekday,3
2020-02-11T00:00:00Z,Manhattan Bridge Display Bike Counter,1859,Weekday,3
2020-02-11T00:00:00Z,Manhattan Bridge Ped Path,88,Weekday,3
2020-02-11T00:00:00Z,Prospect Park West,1329,Weekday,3
2020-02-11T00:00:00Z,Pulaski Bridge,829,Weekday,3
2020-02-11T00:00:00Z,Staten Island Ferry,259,Weekday,3
2020-02-11T00:00:00Z,Williamsburg Bridge Bike Path,2440,Weekday,3
2020-02-12T00:00:00Z,8th Ave at 50th St.,3161,Weekday,4
2020-02-12T00:00:00Z,Amsterdam Ave at 86th St.,1327,Weekday,4
2020-02-12T00:00:00Z,Brooklyn Bridge Bike Path,1134,Weekday,4
2020-02-12T00:00:00Z,Columbus Ave at 86th St.,1081,Weekday,4
2020-02-12T00:00:00Z,Ed Koch Queensboro Bridge Shared Path,2893,Weekday,4
2020-02-12T00:00:00Z,Kent Avenue Bike Path,1669,Weekday,4
2020-02-12T00:00:00Z,Manhattan Bridge Display Bike Counter,3277,Weekday,4
2020-02-12T00:00:00Z,Manhattan Bridge Ped Path,112,Weekday,4
2020-02-12T00:00:00Z,Prospect Park West,1837,Weekday,4
2020-02-12T00:00:00Z,Pulaski Bridge,1270,Weekday,4
2020-02-12T00:00:00Z,Staten Island Ferry,321,Weekday,4
2020-02-12T00:00:00Z,Williamsburg Bridge Bike Path,3744,Weekday,4
2020-02-13T00:00:00Z,8th Ave at 50th St.,2844,Weekday,5
2020-02-13T00:00:00Z,Amsterdam Ave at 86th St.,1193,Weekday,5
2020-02-13T00:00:00Z,Brooklyn Bridge Bike Path,633,Weekday,5
2020-02-13T00:00:00Z,Columbus Ave at 86th St.,1024,Weekday,5
2020-02-13T00:00:00Z,Ed Koch Queensboro Bridge Shared Path,2183,Weekday,5
2020-02-13T00:00:00Z,Kent Avenue Bike Path,1139,Weekday,5
2020-02-13T00:00:00Z,Manhattan Bridge Display Bike Counter,1907,Weekday,5
2020-02-13T00:00:00Z,Manhattan Bridge Ped Path,73,Weekday,5
2020-02-13T00:00:00Z,Prospect Park West,1374,Weekday,5
2020-02-13T00:00:00Z,Pulaski Bridge,839,Weekday,5
2020-02-13T00:00:00Z,Staten Island Ferry,242,Weekday,5
2020-02-13T00:00:00Z,Williamsburg Bridge Bike Path,2484,Weekday,5
2020-02-14T00:00:00Z,8th Ave at 50th St.,2863,Weekday,6
2020-02-14T00:00:00Z,Amsterdam Ave at 86th St.,1337,Weekday,6
2020-02-14T00:00:00Z,Brooklyn Bridge Bike Path,723,Weekday,6
2020-02-14T00:00:00Z,Columbus Ave at 86th St.,1185,Weekday,6
2020-02-14T00:00:00Z,Ed Koch Queensboro Bridge Shared Path,2307,Weekday,6
2020-02-14T00:00:00Z,Kent Avenue Bike Path,1155,Weekday,6
2020-02-14T00:00:00Z,Manhattan Bridge Display Bike Counter,2141,Weekday,6
2020-02-14T00:00:00Z,Manhattan Bridge Ped Path,70,Weekday,6
2020-02-14T00:00:00Z,Prospect Park West,1558,Weekday,6
2020-02-14T00:00:00Z,Pulaski Bridge,883,Weekday,6
2020-02-14T00:00:00Z,Staten Island Ferry,262,Weekday,6
2020-02-14T00:00:00Z,Williamsburg Bridge Bike Path,2587,Weekday,6
2020-02-15T00:00:00Z,8th Ave at 50th St.,2135,Weekend,7
2020-02-15T00:00:00Z,Amsterdam Ave at 86th St.,1096,Weekend,7
2020-02-15T00:00:00Z,Brooklyn Bridge Bike Path,155,Weekend,7
2020-02-15T00:00:00Z,Columbus Ave at 86th St.,966,Weekend,7
2020-02-15T00:00:00Z,Ed Koch Queensboro Bridge Shared Path,1339,Weekend,7
2020-02-15T00:00:00Z,Kent Avenue Bike Path,911,Weekend,7
2020-02-15T00:00:00Z,Manhattan Bridge Display Bike Counter,1005,Weekend,7
2020-02-15T00:00:00Z,Manhattan Bridge Ped Path,52,Weekend,7
2020-02-15T00:00:00Z,Prospect Park West,1185,Weekend,7
2020-02-15T00:00:00Z,Pulaski Bridge,536,Weekend,7
2020-02-15T00:00:00Z,Staten Island Ferry,181,Weekend,7
2020-02-15T00:00:00Z,Williamsburg Bridge Bike Path,1519,Weekend,7
2020-02-16T00:00:00Z,8th Ave at 50th St.,2484,Weekend,1
2020-02-16T00:00:00Z,Amsterdam Ave at 86th St.,1311,Weekend,1
2020-02-16T00:00:00Z,Brooklyn Bridge Bike Path,465,Weekend,1
2020-02-16T00:00:00Z,Columbus Ave at 86th St.,988,Weekend,1
2020-02-16T00:00:00Z,Ed Koch Queensboro Bridge Shared Path,1693,Weekend,1
2020-02-16T00:00:00Z,Kent Avenue Bike Path,1203,Weekend,1
2020-02-16T00:00:00Z,Manhattan Bridge Display Bike Counter,1553,Weekend,1
2020-02-16T00:00:00Z,Manhattan Bridge Ped Path,66,Weekend,1
2020-02-16T00:00:00Z,Prospect Park West,1532,Weekend,1
2020-02-16T00:00:00Z,Pulaski Bridge,677,Weekend,1
2020-02-16T00:00:00Z,Staten Island Ferry,197,Weekend,1
2020-02-16T00:00:00Z,Williamsburg Bridge Bike Path,2107,Weekend,1
2020-02-17T00:00:00Z,8th Ave at 50th St.,2613,Weekday,2
2020-02-17T00:00:00Z,Amsterdam Ave at 86th St.,1321,Weekday,2
2020-02-17T00:00:00Z,Brooklyn Bridge Bike Path,635,Weekday,2
2020-02-17T00:00:00Z,Columbus Ave at 86th St.,1048,Weekday,2
2020-02-17T00:00:00Z,Ed Koch Queensboro Bridge Shared Path,2540,Weekday,2
2020-02-17T00:00:00Z,Kent Avenue Bike Path,1788,Weekday,2
2020-02-17T00:00:00Z,Manhattan Bridge Display Bike Counter,2454,Weekday,2
2020-02-17T00:00:00Z,Manhattan Bridge Ped Path,102,Weekday,2
2020-02-17T00:00:00Z,Prospect Park West,1727,Weekday,2
2020-02-17T00:00:00Z,Pulaski Bridge,1241,Weekday,2
2020-02-17T00:00:00Z,Staten Island Ferry,279,Weekday,2
2020-02-17T00:00:00Z,Williamsburg Bridge Bike Path,3290,Weekday,2
2020-02-18T00:00:00Z,8th Ave at 50th St.,2764,Weekday,3
2020-02-18T00:00:00Z,Amsterdam Ave at 86th St.,1254,Weekday,3
2020-02-18T00:00:00Z,Brooklyn Bridge Bike Path,828,Weekday,3
2020-02-18T00:00:00Z,Columbus Ave at 86th St.,890,Weekday,3
2020-02-18T00:00:00Z,Ed Koch Queensboro Bridge Shared Path,2579,Weekday,3
2020-02-18T00:00:00Z,Kent Avenue Bike Path,1392,Weekday,3
2020-02-18T00:00:00Z,Manhattan Bridge Display Bike Counter,2510,Weekday,3
2020-02-18T00:00:00Z,Manhattan Bridge Ped Path,110,Weekday,3
2020-02-18T00:00:00Z,Prospect Park West,1429,Weekday,3
2020-02-18T00:00:00Z,Pulaski Bridge,1021,Weekday,3
2020-02-18T00:00:00Z,Staten Island Ferry,281,Weekday,3
2020-02-18T00:00:00Z,Williamsburg Bridge Bike Path,3240,Weekday,3
2020-02-19T00:00:00Z,8th Ave at 50th St.,3106,Weekday,4
2020-02-19T00:00:00Z,Amsterdam Ave at 86th St.,1375,Weekday,4
2020-02-19T00:00:00Z,Brooklyn Bridge Bike Path,1323,Weekday,4
2020-02-19T00:00:00Z,Columbus Ave at 86th St.,1072,Weekday,4
2020-02-19T00:00:00Z,Ed Koch Queensboro Bridge Shared Path,3155,Weekday,4
2020-02-19T00:00:00Z,Kent Avenue Bike Path,1704,Weekday,4
2020-02-19T00:00:00Z,Manhattan Bridge Display Bike Counter,3424,Weekday,4
2020-02-19T00:00:00Z,Manhattan Bridge Ped Path,136,Weekday,4
2020-02-19T00:00:00Z,Prospect Park West,1780,Weekday,4
2020-02-19T00:00:00Z,Pulaski Bridge,1365,Weekday,4
2020-02-19T00:00:00Z,Staten Island Ferry,311,Weekday,4
2020-02-19T00:00:00Z,Williamsburg Bridge Bike Path,4077,Weekday,4
2020-02-20T00:00:00Z,8th Ave at 50th St.,3005,Weekday,5
2020-02-20T00:00:00Z,Amsterdam Ave at 86th St.,1275,Weekday,5
2020-02-20T00:00:00Z,Brooklyn Bridge Bike Path,893,Weekday,5
2020-02-20T00:00:00Z,Columbus Ave at 86th St.,1007,Weekday,5
2020-02-20T00:00:00Z,Ed Koch Queensboro Bridge Shared Path,2775,Weekday,5
2020-02-20T00:00:00Z,Kent Avenue Bike Path,1319,Weekday,5
2020-02-20T00:00:00Z,Manhattan Bridge Display Bike Counter,2645,Weekday,5
2020-02-20T00:00:00Z,Manhattan Bridge Ped Path,83,Weekday,5
2020-02-20T00:00:00Z,Prospect Park West,1534,Weekday,5
2020-02-20T00:00:00Z,Pulaski Bridge,1057,Weekday,5
2020-02-20T00:00:00Z,Staten Island Ferry,288,Weekday,5
2020-02-20T00:00:00Z,Williamsburg Bridge Bike Path,3317,Weekday,5
2020-02-21T00:00:00Z,8th Ave at 50th St.,3120,Weekday,6
2020-02-21T00:00:00Z,Amsterdam Ave at 86th St.,1240,Weekday,6
2020-02-21T00:00:00Z,Brooklyn Bridge Bike Path,676,Weekday,6
2020-02-21T00:00:00Z,Columbus Ave at 86th St.,1098,Weekday,6
2020-02-21T00:00:00Z,Ed Koch Queensboro Bridge Shared Path,2366,Weekday,6
2020-02-21T00:00:00Z,Kent Avenue Bike Path,1252,Weekday,6
2020-02-21T00:00:00Z,Manhattan Bridge Display Bike Counter,2136,Weekday,6
2020-02-21T00:00:00Z,Manhattan Bridge Ped Path,73,Weekday,6
2020-02-21T00:00:00Z,Prospect Park West,1480,Weekday,6
2020-02-21T00:00:00Z,Pulaski Bridge,994,Weekday,6
2020-02-21T00:00:00Z,Staten Island Ferry,297,Weekday,6
2020-02-21T00:00:00Z,Williamsburg Bridge Bike Path,2776,Weekday,6
2020-02-22T00:00:00Z,8th Ave at 50th St.,2830,Weekend,7
2020-02-22T00:00:00Z,Amsterdam Ave at 86th St.,1505,Weekend,7
2020-02-22T00:00:00Z,Brooklyn Bridge Bike Path,610,Weekend,7
2020-02-22T00:00:00Z,Columbus Ave at 86th St.,1065,Weekend,7
2020-02-22T00:00:00Z,Ed Koch Queensboro Bridge Shared Path,2246,Weekend,7
2020-02-22T00:00:00Z,Kent Avenue Bike Path,1764,Weekend,7
2020-02-22T00:00:00Z,Manhattan Bridge Display Bike Counter,2214,Weekend,7
2020-02-22T00:00:00Z,Manhattan Bridge Ped Path,115,Weekend,7
2020-02-22T00:00:00Z,Prospect Park West,1894,Weekend,7
2020-02-22T00:00:00Z,Pulaski Bridge,1087,Weekend,7
2020-02-22T00:00:00Z,Staten Island Ferry,250,Weekend,7
2020-02-22T00:00:00Z,Williamsburg Bridge Bike Path,2992,Weekend,7
2020-02-23T00:00:00Z,8th Ave at 50th St.,2639,Weekend,1
2020-02-23T00:00:00Z,Amsterdam Ave at 86th St.,1703,Weekend,1
2020-02-23T00:00:00Z,Brooklyn Bridge Bike Path,832,Weekend,1
2020-02-23T00:00:00Z,Columbus Ave at 86th St.,1223,Weekend,1
2020-02-23T00:00:00Z,Ed Koch Queensboro Bridge Shared Path,2442,Weekend,1
2020-02-23T00:00:00Z,Kent Avenue Bike Path,2386,Weekend,1
2020-02-23T00:00:00Z,Manhattan Bridge Display Bike Counter,2623,Weekend,1
2020-02-23T00:00:00Z,Manhattan Bridge Ped Path,133,Weekend,1
2020-02-23T00:00:00Z,Prospect Park West,2135,Weekend,1
2020-02-23T00:00:00Z,Pulaski Bridge,1462,Weekend,1
2020-02-23T00:00:00Z,Staten Island Ferry,330,Weekend,1
2020-02-23T00:00:00Z,Williamsburg Bridge Bike Path,3446,Weekend,1
2020-02-24T00:00:00Z,8th Ave at 50th St.,3199,Weekday,2
2020-02-24T00:00:00Z,Amsterdam Ave at 86th St.,1373,Weekday,2
2020-02-24T00:00:00Z,Brooklyn Bridge Bike Path,1443,Weekday,2
2020-02-24T00:00:00Z,Columbus Ave at 86th St.,1101,Weekday,2
2020-02-24T00:00:00Z,Ed Koch Queensboro Bridge Shared Path,3636,Weekday,2
2020-02-24T00:00:00Z,Kent Avenue Bike Path,1975,Weekday,2
2020-02-24T00:00:00Z,Manhattan Bridge Display Bike Counter,4320,Weekday,2
2020-02-24T00:00:00Z,Manhattan Bridge Ped Path,123,Weekday,2
2020-02-24T00:00:00Z,Prospect Park West,1882,Weekday,2
2020-02-24T00:00:00Z,Pulaski Bridge,1522,Weekday,2
2020-02-24T00:00:00Z,Staten Island Ferry,369,Weekday,2
2020-02-24T00:00:00Z,Williamsburg Bridge Bike Path,5033,Weekday,2
2020-02-25T00:00:00Z,8th Ave at 50th St.,2816,Weekday,3
2020-02-25T00:00:00Z,Amsterdam Ave at 86th St.,1145,Weekday,3
2020-02-25T00:00:00Z,Brooklyn Bridge Bike Path,851,Weekday,3
2020-02-25T00:00:00Z,Columbus Ave at 86th St.,955,Weekday,3
2020-02-25T00:00:00Z,Ed Koch Queensboro Bridge Shared Path,2520,Weekday,3
2020-02-25T00:00:00Z,Kent Avenue Bike Path,1274,Weekday,3
2020-02-25T00:00:00Z,Manhattan Bridge Display Bike Counter,2162,Weekday,3
2020-02-25T00:00:00Z,Manhattan Bridge Ped Path,80,Weekday,3
2020-02-25T00:00:00Z,Prospect Park West,1355,Weekday,3
2020-02-25T00:00:00Z,Pulaski Bridge,910,Weekday,3
2020-02-25T00:00:00Z,Staten Island Ferry,256,Weekday,3
2020-02-25T00:00:00Z,Williamsburg Bridge Bike Path,2849,Weekday,3
2020-02-26T00:00:00Z,8th Ave at 50th St.,2984,Weekday,4
2020-02-26T00:00:00Z,Amsterdam Ave at 86th St.,1221,Weekday,4
2020-02-26T00:00:00Z,Brooklyn Bridge Bike Path,891,Weekday,4
2020-02-26T00:00:00Z,Columbus Ave at 86th St.,1094,Weekday,4
2020-02-26T00:00:00Z,Ed Koch Queensboro Bridge Shared Path,2543,Weekday,4
2020-02-26T00:00:00Z,Kent Avenue Bike Path,1422,Weekday,4
2020-02-26T00:00:00Z,Manhattan Bridge Display Bike Counter,2543,Weekday,4
2020-02-26T00:00:00Z,Manhattan Bridge Ped Path,88,Weekday,4
2020-02-26T00:00:00Z,Prospect Park West,1572,Weekday,4
2020-02-26T00:00:00Z,Pulaski Bridge,1107,Weekday,4
2020-02-26T00:00:00Z,Staten Island Ferry,309,Weekday,4
2020-02-26T00:00:00Z,Williamsburg Bridge Bike Path,3126,Weekday,4
2020-02-27T00:00:00Z,8th Ave at 50th St.,2970,Weekday,5
2020-02-27T00:00:00Z,Amsterdam Ave at 86th St.,1248,Weekday,5
2020-02-27T00:00:00Z,Brooklyn Bridge Bike Path,836,Weekday,5
2020-02-27T00:00:00Z,Columbus Ave at 86th St.,1065,Weekday,5
2020-02-27T00:00:00Z,Ed Koch Queensboro Bridge Shared Path,2540,Weekday,5
2020-02-27T00:00:00Z,Kent Avenue Bike Path,1223,Weekday,5
2020-02-27T00:00:00Z,Manhattan Bridge Display Bike Counter,2667,Weekday,5
2020-02-27T00:00:00Z,Manhattan Bridge Ped Path,82,Weekday,5
2020-02-27T00:00:00Z,Prospect Park West,1603,Weekday,5
2020-02-27T00:00:00Z,Pulaski Bridge,1051,Weekday,5
2020-02-27T00:00:00Z,Staten Island Ferry,287,Weekday,5
2020-02-27T00:00:00Z,Williamsburg Bridge Bike Path,3179,Weekday,5
2020-02-28T00:00:00Z,8th Ave at 50th St.,3173,Weekday,6
2020-02-28T00:00:00Z,Amsterdam Ave at 86th St.,1339,Weekday,6
2020-02-28T00:00:00Z,Brooklyn Bridge Bike Path,820,Weekday,6
2020-02-28T00:00:00Z,Columbus Ave at 86th St.,1252,Weekday,6
2020-02-28T00:00:00Z,Ed Koch Queensboro Bridge Shared Path,2489,Weekday,6
2020-02-28T00:00:00Z,Kent Avenue Bike Path,1348,Weekday,6
2020-02-28T00:00:00Z,Manhattan Bridge Display Bike Counter,2539,Weekday,6
2020-02-28T00:00:00Z,Manhattan Bridge Ped Path,97,Weekday,6
2020-02-28T00:00:00Z,Prospect Park West,1667,Weekday,6
2020-02-28T00:00:00Z,Pulaski Bridge,1012,Weekday,6
2020-02-28T00:00:00Z,Staten Island Ferry,296,Weekday,6
2020-02-28T00:00:00Z,Williamsburg Bridge Bike Path,3192,Weekday,6
2020-02-29T00:00:00Z,8th Ave at 50th St.,2647,Weekend,7
2020-02-29T00:00:00Z,Amsterdam Ave at 86th St.,1327,Weekend,7
2020-02-29T00:00:00Z,Brooklyn Bridge Bike Path,363,Weekend,7
2020-02-29T00:00:00Z,Columbus Ave at 86th St.,1062,Weekend,7
2020-02-29T00:00:00Z,Ed Koch Queensboro Bridge Shared Path,1744,Weekend,7
2020-02-29T00:00:00Z,Kent Avenue Bike Path,1110,Weekend,7
2020-02-29T00:00:00Z,Manhattan Bridge Display Bike Counter,1433,Weekend,7
2020-02-29T00:00:00Z,Manhattan Bridge Ped Path,92,Weekend,7
2020-02-29T00:00:00Z,Prospect Park West,1617,Weekend,7
2020-02-29T00:00:00Z,Pulaski Bridge,697,Weekend,7
2020-02-29T00:00:00Z,Staten Island Ferry,193,Weekend,7
2020-02-29T00:00:00Z,Williamsburg Bridge Bike Path,2315,Weekend,7
2020-03-01T00:00:00Z,8th Ave at 50th St.,2616,Weekend,1
2020-03-01T00:00:00Z,Amsterdam Ave at 86th St.,1410,Weekend,1
2020-03-01T00:00:00Z,Brooklyn Bridge Bike Path,432,Weekend,1
2020-03-01T00:00:00Z,Columbus Ave at 86th St.,1057,Weekend,1
2020-03-01T00:00:00Z,Ed Koch Queensboro Bridge Shared Path,1739,Weekend,1
2020-03-01T00:00:00Z,Kent Avenue Bike Path,1386,Weekend,1
2020-03-01T00:00:00Z,Manhattan Bridge Display Bike Counter,1677,Weekend,1
2020-03-01T00:00:00Z,Manhattan Bridge Ped Path,73,Weekend,1
2020-03-01T00:00:00Z,Prospect Park West,1669,Weekend,1
2020-03-01T00:00:00Z,Pulaski Bridge,898,Weekend,1
2020-03-01T00:00:00Z,Staten Island Ferry,226,Weekend,1
2020-03-01T00:00:00Z,Williamsburg Bridge Bike Path,2377,Weekend,1
2020-03-02T00:00:00Z,8th Ave at 50th St.,3260,Weekday,2
2020-03-02T00:00:00Z,Amsterdam Ave at 86th St.,1256,Weekday,2
2020-03-02T00:00:00Z,Brooklyn Bridge Bike Path,1534,Weekday,2
2020-03-02T00:00:00Z,Columbus Ave at 86th St.,1143,Weekday,2
2020-03-02T00:00:00Z,Ed Koch Queensboro Bridge Shared Path,3608,Weekday,2
2020-03-02T00:00:00Z,Kent Avenue Bike Path,1998,Weekday,2
2020-03-02T00:00:00Z,Manhattan Bridge Display Bike Counter,4517,Weekday,2
2020-03-02T00:00:00Z,Manhattan Bridge Ped Path,146,Weekday,2
2020-03-02T00:00:00Z,Prospect Park West,2017,Weekday,2
2020-03-02T00:00:00Z,Pulaski Bridge,1514,Weekday,2
2020-03-02T00:00:00Z,Staten Island Ferry,395,Weekday,2
2020-03-02T00:00:00Z,Williamsburg Bridge Bike Path,5201,Weekday,2
2020-03-03T00:00:00Z,8th Ave at 50th St.,3248,Weekday,3
2020-03-03T00:00:00Z,Amsterdam Ave at 86th St.,1168,Weekday,3
2020-03-03T00:00:00Z,Brooklyn Bridge Bike Path,1153,Weekday,3
2020-03-03T00:00:00Z,Columbus Ave at 86th St.,1056,Weekday,3
2020-03-03T00:00:00Z,Ed Koch Queensboro Bridge Shared Path,3002,Weekday,3
2020-03-03T00:00:00Z,Kent Avenue Bike Path,1566,Weekday,3
2020-03-03T00:00:00Z,Manhattan Bridge Display Bike Counter,3262,Weekday,3
2020-03-03T00:00:00Z,Manhattan Bridge Ped Path,103,Weekday,3
2020-03-03T00:00:00Z,Prospect Park West,1718,Weekday,3
2020-03-03T00:00:00Z,Pulaski Bridge,1201,Weekday,3
2020-03-03T00:00:00Z,Staten Island Ferry,307,Weekday,3
2020-03-03T00:00:00Z,Williamsburg Bridge Bike Path,3969,Weekday,3
2020-03-04T00:00:00Z,8th Ave at 50th St.,3556,Weekday,4
2020-03-04T00:00:00Z,Amsterdam Ave at 86th St.,1717,Weekday,4
2020-03-04T00:00:00Z,Brooklyn Bridge Bike Path,1558,Weekday,4
2020-03-04T00:00:00Z,Columbus Ave at 86th St.,1189,Weekday,4
2020-03-04T00:00:00Z,Ed Koch Queensboro Bridge Shared Path,3678,Weekday,4
2020-03-04T00:00:00Z,Kent Avenue Bike Path,2020,Weekday,4
2020-03-04T00:00:00Z,Manhattan Bridge Display Bike Counter,4642,Weekday,4
2020-03-04T00:00:00Z,Manhattan Bridge Ped Path,141,Weekday,4
2020-03-04T00:00:00Z,Prospect Park West,2118,Weekday,4
2020-03-04T00:00:00Z,Pulaski Bridge,1573,Weekday,4
2020-03-04T00:00:00Z,Staten Island Ferry,375,Weekday,4
2020-03-04T00:00:00Z,Williamsburg Bridge Bike Path,5487,Weekday,4
2020-03-05T00:00:00Z,8th Ave at 50th St.,3544,Weekday,5
2020-03-05T00:00:00Z,Amsterdam Ave at 86th St.,1590,Weekday,5
2020-03-05T00:00:00Z,Brooklyn Bridge Bike Path,1650,Weekday,5
2020-03-05T00:00:00Z,Columbus Ave at 86th St.,1169,Weekday,5
2020-03-05T00:00:00Z,Ed Koch Queensboro Bridge Shared Path,3828,Weekday,5
2020-03-05T00:00:00Z,Kent Avenue Bike Path,2020,Weekday,5
2020-03-05T00:00:00Z,Manhattan Bridge Display Bike Counter,4600,Weekday,5
2020-03-05T00:00:00Z,Manhattan Bridge Ped Path,130,Weekday,5
2020-03-05T00:00:00Z,Prospect Park West,2118,Weekday,5
2020-03-05T00:00:00Z,Pulaski Bridge,1614,Weekday,5
2020-03-05T00:00:00Z,Staten Island Ferry,371,Weekday,5
2020-03-05T00:00:00Z,Williamsburg Bridge Bike Path,5320,Weekday,5
2020-03-06T00:00:00Z,8th Ave at 50th St.,3082,Weekday,6
2020-03-06T00:00:00Z,Amsterdam Ave at 86th St.,1322,Weekday,6
2020-03-06T00:00:00Z,Brooklyn Bridge Bike Path,681,Weekday,6
2020-03-06T00:00:00Z,Columbus Ave at 86th St.,1070,Weekday,6
2020-03-06T00:00:00Z,Ed Koch Queensboro Bridge Shared Path,2486,Weekday,6
2020-03-06T00:00:00Z,Kent Avenue Bike Path,1263,Weekday,6
2020-03-06T00:00:00Z,Manhattan Bridge Display Bike Counter,2116,Weekday,6
2020-03-06T00:00:00Z,Manhattan Bridge Ped Path,81,Weekday,6
2020-03-06T00:00:00Z,Prospect Park West,1448,Weekday,6
2020-03-06T00:00:00Z,Pulaski Bridge,904,Weekday,6
2020-03-06T00:00:00Z,Staten Island Ferry,285,Weekday,6
2020-03-06T00:00:00Z,Williamsburg Bridge Bike Path,2757,Weekday,6
2020-03-07T00:00:00Z,8th Ave at 50th St.,2983,Weekend,7
2020-03-07T00:00:00Z,Amsterdam Ave at 86th St.,1603,Weekend,7
2020-03-07T00:00:00Z,Brooklyn Bridge Bike Path,628,Weekend,7
2020-03-07T00:00:00Z,Columbus Ave at 86th St.,1169,Weekend,7
2020-03-07T00:00:00Z,Ed Koch Queensboro Bridge Shared Path,2269,Weekend,7
2020-03-07T00:00:00Z,Kent Avenue Bike Path,1677,Weekend,7
2020-03-07T00:00:00Z,Manhattan Bridge Display Bike Counter,2351,Weekend,7
2020-03-07T00:00:00Z,Manhattan Bridge Ped Path,113,Weekend,7
2020-03-07T00:00:00Z,Prospect Park West,2042,Weekend,7
2020-03-07T00:00:00Z,Pulaski Bridge,1055,Weekend,7
2020-03-07T00:00:00Z,Staten Island Ferry,232,Weekend,7
2020-03-07T00:00:00Z,Williamsburg Bridge Bike Path,3171,Weekend,7
2020-03-08T00:00:00Z,8th Ave at 50th St.,2883,Weekend,1
2020-03-08T00:00:00Z,Amsterdam Ave at 86th St.,1771,Weekend,1
2020-03-08T00:00:00Z,Brooklyn Bridge Bike Path,973,Weekend,1
2020-03-08T00:00:00Z,Columbus Ave at 86th St.,1269,Weekend,1
2020-03-08T00:00:00Z,Ed Koch Queensboro Bridge Shared Path,2723,Weekend,1
2020-03-08T00:00:00Z,Kent Avenue Bike Path,2463,Weekend,1
2020-03-08T00:00:00Z,Manhattan Bridge Display Bike Counter,2889,Weekend,1
2020-03-08T00:00:00Z,Manhattan Bridge Ped Path,107,Weekend,1
2020-03-08T00:00:00Z,Prospect Park West,2161,Weekend,1
2020-03-08T00:00:00Z,Pulaski Bridge,1493,Weekend,1
2020-03-08T00:00:00Z,Staten Island Ferry,241,Weekend,1
2020-03-08T00:00:00Z,Williamsburg Bridge Bike Path,3953,Weekend,1
2020-03-09T00:00:00Z,8th Ave at 50th St.,3799,Weekday,2
2020-03-09T00:00:00Z,Amsterdam Ave at 86th St.,1896,Weekday,2
2020-03-09T00:00:00Z,Brooklyn Bridge Bike Path,2400,Weekday,2
2020-03-09T00:00:00Z,Columbus Ave at 86th St.,1337,Weekday,2
2020-03-09T00:00:00Z,Ed Koch Queensboro Bridge Shared Path,4838,Weekday,2
2020-03-09T00:00:00Z,Kent Avenue Bike Path,3079,Weekday,2
2020-03-09T00:00:00Z,Manhattan Bridge Display Bike Counter,6774,Weekday,2
2020-03-09T00:00:00Z,Manhattan Bridge Ped Path,167,Weekday,2
2020-03-09T00:00:00Z,Prospect Park West,2494,Weekday,2
2020-03-09T00:00:00Z,Pulaski Bridge,2104,Weekday,2
2020-03-09T00:00:00Z,Staten Island Ferry,385,Weekday,2
2020-03-09T00:00:00Z,Williamsburg Bridge Bike Path,7206,Weekday,2
2020-03-10T00:00:00Z,8th Ave at 50th St.,3788,Weekday,3
2020-03-10T00:00:00Z,Amsterdam Ave at 86th St.,1496,Weekday,3
2020-03-10T00:00:00Z,Brooklyn Bridge Bike Path,1893,Weekday,3
2020-03-10T00:00:00Z,Columbus Ave at 86th St.,1343,Weekday,3
2020-03-10T00:00:00Z,Ed Koch Queensboro Bridge Shared Path,4404,Weekday,3
2020-03-10T00:00:00Z,Kent Avenue Bike Path,2260,Weekday,3
2020-03-10T00:00:00Z,Manhattan Bridge Display Bike Counter,5802,Weekday,3
2020-03-10T00:00:00Z,Manhattan Bridge Ped Path,158,Weekday,3
2020-03-10T00:00:00Z,Prospect Park West,2182,Weekday,3
2020-03-10T00:00:00Z,Pulaski Bridge,1808,Weekday,3
2020-03-10T00:00:00Z,Staten Island Ferry,385,Weekday,3
2020-03-10T00:00:00Z,Williamsburg Bridge Bike Path,6391,Weekday,3
2020-03-11T00:00:00Z,8th Ave at 50th St.,4008,Weekday,4
2020-03-11T00:00:00Z,Amsterdam Ave at 86th St.,1466,Weekday,4
2020-03-11T00:00:00Z,Brooklyn Bridge Bike Path,2125,Weekday,4
2020-03-11T00:00:00Z,Columbus Ave at 86th St.,1312,Weekday,4
2020-03-11T00:00:00Z,Ed Koch Queensboro Bridge Shared Path,4615,Weekday,4
2020-03-11T00:00:00Z,Kent Avenue Bike Path,2597,Weekday,4
2020-03-11T00:00:00Z,Manhattan Bridge Display Bike Counter,5960,Weekday,4
2020-03-11T00:00:00Z,Manhattan Bridge Ped Path,167,Weekday,4
2020-03-11T00:00:00Z,Prospect Park West,2399,Weekday,4
2020-03-11T00:00:00Z,Pulaski Bridge,2073,Weekday,4
2020-03-11T00:00:00Z,Staten Island Ferry,420,Weekday,4
2020-03-11T00:00:00Z,Williamsburg Bridge Bike Path,6545,Weekday,4
2020-03-12T00:00:00Z,8th Ave at 50th St.,3613,Weekday,5
2020-03-12T00:00:00Z,Amsterdam Ave at 86th St.,1527,Weekday,5
2020-03-12T00:00:00Z,Brooklyn Bridge Bike Path,1735,Weekday,5
2020-03-12T00:00:00Z,Columbus Ave at 86th St.,1321,Weekday,5
2020-03-12T00:00:00Z,Ed Koch Queensboro Bridge Shared Path,4242,Weekday,5
2020-03-12T00:00:00Z,Kent Avenue Bike Path,2114,Weekday,5
2020-03-12T00:00:00Z,Manhattan Bridge Display Bike Counter,4960,Weekday,5
2020-03-12T00:00:00Z,Manhattan Bridge Ped Path,121,Weekday,5
2020-03-12T00:00:00Z,Prospect Park West,2134,Weekday,5
2020-03-12T00:00:00Z,Pulaski Bridge,1700,Weekday,5
2020-03-12T00:00:00Z,Staten Island Ferry,342,Weekday,5
2020-03-12T00:00:00Z,Williamsburg Bridge Bike Path,5560,Weekday,5
2020-03-13T00:00:00Z,8th Ave at 50th St.,3265,Weekday,6
2020-03-13T00:00:00Z,Amsterdam Ave at 86th St.,1436,Weekday,6
2020-03-13T00:00:00Z,Brooklyn Bridge Bike Path,1093,Weekday,6
2020-03-13T00:00:00Z,Columbus Ave at 86th St.,1252,Weekday,6
2020-03-13T00:00:00Z,Ed Koch Queensboro Bridge Shared Path,3134,Weekday,6
2020-03-13T00:00:00Z,Kent Avenue Bike Path,2092,Weekday,6
2020-03-13T00:00:00Z,Manhattan Bridge Display Bike Counter,3330,Weekday,6
2020-03-13T00:00:00Z,Manhattan Bridge Ped Path,168,Weekday,6
2020-03-13T00:00:00Z,Prospect Park West,2077,Weekday,6
2020-03-13T00:00:00Z,Pulaski Bridge,1376,Weekday,6
2020-03-13T00:00:00Z,Staten Island Ferry,295,Weekday,6
2020-03-13T00:00:00Z,Williamsburg Bridge Bike Path,4352,Weekday,6
2020-03-14T00:00:00Z,8th Ave at 50th St.,2648,Weekend,7
2020-03-14T00:00:00Z,Amsterdam Ave at 86th St.,1427,Weekend,7
2020-03-14T00:00:00Z,Brooklyn Bridge Bike Path,1148,Weekend,7
2020-03-14T00:00:00Z,Columbus Ave at 86th St.,1140,Weekend,7
2020-03-14T00:00:00Z,Ed Koch Queensboro Bridge Shared Path,3237,Weekend,7
2020-03-14T00:00:00Z,Kent Avenue Bike Path,2749,Weekend,7
2020-03-14T00:00:00Z,Manhattan Bridge Display Bike Counter,3534,Weekend,7
2020-03-14T00:00:00Z,Manhattan Bridge Ped Path,175,Weekend,7
2020-03-14T00:00:00Z,Prospect Park West,2949,Weekend,7
2020-03-14T00:00:00Z,Pulaski Bridge,1838,Weekend,7
2020-03-14T00:00:00Z,Staten Island Ferry,278,Weekend,7
2020-03-14T00:00:00Z,Williamsburg Bridge Bike Path,4819,Weekend,7
2020-03-15T00:00:00Z,8th Ave at 50th St.,2414,Weekend,1
2020-03-15T00:00:00Z,Amsterdam Ave at 86th St.,1258,Weekend,1
2020-03-15T00:00:00Z,Brooklyn Bridge Bike Path,966,Weekend,1
2020-03-15T00:00:00Z,Columbus Ave at 86th St.,1058,Weekend,1
2020-03-15T00:00:00Z,Ed Koch Queensboro Bridge Shared Path,2806,Weekend,1
2020-03-15T00:00:00Z,Kent Avenue Bike Path,2615,Weekend,1
2020-03-15T00:00:00Z,Manhattan Bridge Display Bike Counter,2869,Weekend,1
2020-03-15T00:00:00Z,Manhattan Bridge Ped Path,163,Weekend,1
2020-03-15T00:00:00Z,Prospect Park West,2449,Weekend,1
2020-03-15T00:00:00Z,Pulaski Bridge,1568,Weekend,1
2020-03-15T00:00:00Z,Staten Island Ferry,220,Weekend,1
2020-03-15T00:00:00Z,Williamsburg Bridge Bike Path,3942,Weekend,1
2020-03-16T00:00:00Z,8th Ave at 50th St.,2293,Weekday,2
2020-03-16T00:00:00Z,Amsterdam Ave at 86th St.,1137,Weekday,2
2020-03-16T00:00:00Z,Brooklyn Bridge Bike Path,1240,Weekday,2
2020-03-16T00:00:00Z,Columbus Ave at 86th St.,906,Weekday,2
2020-03-16T00:00:00Z,Ed Koch Queensboro Bridge Shared Path,3458,Weekday,2
2020-03-16T00:00:00Z,Kent Avenue Bike Path,1585,Weekday,2
2020-03-16T00:00:00Z,Manhattan Bridge Display Bike Counter,3056,Weekday,2
2020-03-16T00:00:00Z,Manhattan Bridge Ped Path,114,Weekday,2
2020-03-16T00:00:00Z,Prospect Park West,1736,Weekday,2
2020-03-16T00:00:00Z,Pulaski Bridge,1219,Weekday,2
2020-03-16T00:00:00Z,Staten Island Ferry,260,Weekday,2
2020-03-16T00:00:00Z,Williamsburg Bridge Bike Path,3883,Weekday,2
2020-03-17T00:00:00Z,8th Ave at 50th St.,2297,Weekday,3
2020-03-17T00:00:00Z,Amsterdam Ave at 86th St.,1067,Weekday,3
2020-03-17T00:00:00Z,Brooklyn Bridge Bike Path,736,Weekday,3
2020-03-17T00:00:00Z,Columbus Ave at 86th St.,877,Weekday,3
2020-03-17T00:00:00Z,Ed Koch Queensboro Bridge Shared Path,2587,Weekday,3
2020-03-17T00:00:00Z,Kent Avenue Bike Path,1475,Weekday,3
2020-03-17T00:00:00Z,Manhattan Bridge Display Bike Counter,1987,Weekday,3
2020-03-17T00:00:00Z,Manhattan Bridge Ped Path,122,Weekday,3
2020-03-17T00:00:00Z,Prospect Park West,1569,Weekday,3
2020-03-17T00:00:00Z,Pulaski Bridge,1049,Weekday,3
2020-03-17T00:00:00Z,Staten Island Ferry,229,Weekday,3
2020-03-17T00:00:00Z,Williamsburg Bridge Bike Path,3002,Weekday,3
2020-03-18T00:00:00Z,8th Ave at 50th St.,2393,Weekday,4
2020-03-18T00:00:00Z,Amsterdam Ave at 86th St.,1113,Weekday,4
2020-03-18T00:00:00Z,Brooklyn Bridge Bike Path,1186,Weekday,4
2020-03-18T00:00:00Z,Columbus Ave at 86th St.,1007,Weekday,4
2020-03-18T00:00:00Z,Ed Koch Queensboro Bridge Shared Path,3689,Weekday,4
2020-03-18T00:00:00Z,Kent Avenue Bike Path,2293,Weekday,4
2020-03-18T00:00:00Z,Manhattan Bridge Display Bike Counter,3063,Weekday,4
2020-03-18T00:00:00Z,Manhattan Bridge Ped Path,180,Weekday,4
2020-03-18T00:00:00Z,Prospect Park West,2135,Weekday,4
2020-03-18T00:00:00Z,Pulaski Bridge,1625,Weekday,4
2020-03-18T00:00:00Z,Staten Island Ferry,280,Weekday,4
2020-03-18T00:00:00Z,Williamsburg Bridge Bike Path,4315,Weekday,4
2020-03-19T00:00:00Z,8th Ave at 50th St.,1940,Weekday,5
2020-03-19T00:00:00Z,Amsterdam Ave at 86th St.,999,Weekday,5
2020-03-19T00:00:00Z,Brooklyn Bridge Bike Path,725,Weekday,5
2020-03-19T00:00:00Z,Columbus Ave at 86th St.,894,Weekday,5
2020-03-19T00:00:00Z,Ed Koch Queensboro Bridge Shared Path,2250,Weekday,5
2020-03-19T00:00:00Z,Kent Avenue Bike Path,1421,Weekday,5
2020-03-19T00:00:00Z,Manhattan Bridge Display Bike Counter,1755,Weekday,5
2020-03-19T00:00:00Z,Manhattan Bridge Ped Path,115,Weekday,5
2020-03-19T00:00:00Z,Prospect Park West,1557,Weekday,5
2020-03-19T00:00:00Z,Pulaski Bridge,954,Weekday,5
2020-03-19T00:00:00Z,Staten Island Ferry,183,Weekday,5
2020-03-19T00:00:00Z,Williamsburg Bridge Bike Path,2707,Weekday,5
2020-03-20T00:00:00Z,8th Ave at 50th St.,2269,Weekday,6
2020-03-20T00:00:00Z,Amsterdam Ave at 86th St.,1084,Weekday,6
2020-03-20T00:00:00Z,Brooklyn Bridge Bike Path,1019,Weekday,6
2020-03-20T00:00:00Z,Columbus Ave at 86th St.,1069,Weekday,6
2020-03-20T00:00:00Z,Ed Koch Queensboro Bridge Shared Path,3433,Weekday,6
2020-03-20T00:00:00Z,Kent Avenue Bike Path,2604,Weekday,6
2020-03-20T00:00:00Z,Manhattan Bridge Display Bike Counter,2630,Weekday,6
2020-03-20T00:00:00Z,Manhattan Bridge Ped Path,190,Weekday,6
2020-03-20T00:00:00Z,Prospect Park West,2295,Weekday,6
2020-03-20T00:00:00Z,Pulaski Bridge,1573,Weekday,6
2020-03-20T00:00:00Z,Staten Island Ferry,230,Weekday,6
2020-03-20T00:00:00Z,Williamsburg Bridge Bike Path,4272,Weekday,6
2020-03-21T00:00:00Z,8th Ave at 50th St.,2169,Weekend,7
2020-03-21T00:00:00Z,Amsterdam Ave at 86th St.,1080,Weekend,7
2020-03-21T00:00:00Z,Brooklyn Bridge Bike Path,1259,Weekend,7
2020-03-21T00:00:00Z,Columbus Ave at 86th St.,936,Weekend,7
2020-03-21T00:00:00Z,Ed Koch Queensboro Bridge Shared Path,2870,Weekend,7
2020-03-21T00:00:00Z,Kent Avenue Bike Path,2644,Weekend,7
2020-03-21T00:00:00Z,Manhattan Bridge Display Bike Counter,2791,Weekend,7
2020-03-21T00:00:00Z,Manhattan Bridge Ped Path,150,Weekend,7
2020-03-21T00:00:00Z,Prospect Park West,2545,Weekend,7
2020-03-21T00:00:00Z,Pulaski Bridge,1820,Weekend,7
2020-03-21T00:00:00Z,Staten Island Ferry,196,Weekend,7
2020-03-21T00:00:00Z,Williamsburg Bridge Bike Path,4102,Weekend,7
2020-03-22T00:00:00Z,8th Ave at 50th St.,1514,Weekend,1
2020-03-22T00:00:00Z,Amsterdam Ave at 86th St.,918,Weekend,1
2020-03-22T00:00:00Z,Brooklyn Bridge Bike Path,701,Weekend,1
2020-03-22T00:00:00Z,Columbus Ave at 86th St.,742,Weekend,1
2020-03-22T00:00:00Z,Ed Koch Queensboro Bridge Shared Path,1877,Weekend,1
2020-03-22T00:00:00Z,Kent Avenue Bike Path,1472,Weekend,1
2020-03-22T00:00:00Z,Manhattan Bridge Display Bike Counter,1759,Weekend,1
2020-03-22T00:00:00Z,Manhattan Bridge Ped Path,97,Weekend,1
2020-03-22T00:00:00Z,Prospect Park West,1529,Weekend,1
2020-03-22T00:00:00Z,Pulaski Bridge,1088,Weekend,1
2020-03-22T00:00:00Z,Staten Island Ferry,118,Weekend,1
2020-03-22T00:00:00Z,Williamsburg Bridge Bike Path,2616,Weekend,1
2020-03-23T00:00:00Z,8th Ave at 50th St.,735,Weekday,2
2020-03-23T00:00:00Z,Amsterdam Ave at 86th St.,510,Weekday,2
2020-03-23T00:00:00Z,Brooklyn Bridge Bike Path,102,Weekday,2
2020-03-23T00:00:00Z,Columbus Ave at 86th St.,413,Weekday,2
2020-03-23T00:00:00Z,Ed Koch Queensboro Bridge Shared Path,802,Weekday,2
2020-03-23T00:00:00Z,Kent Avenue Bike Path,340,Weekday,2
2020-03-23T00:00:00Z,Manhattan Bridge Display Bike Counter,334,Weekday,2
2020-03-23T00:00:00Z,Manhattan Bridge Ped Path,20,Weekday,2
2020-03-23T00:00:00Z,Prospect Park West,412,Weekday,2
2020-03-23T00:00:00Z,Pulaski Bridge,249,Weekday,2
2020-03-23T00:00:00Z,Staten Island Ferry,106,Weekday,2
2020-03-23T00:00:00Z,Williamsburg Bridge Bike Path,675,Weekday,2
2020-03-24T00:00:00Z,8th Ave at 50th St.,1837,Weekday,3
2020-03-24T00:00:00Z,Amsterdam Ave at 86th St.,938,Weekday,3
2020-03-24T00:00:00Z,Brooklyn Bridge Bike Path,945,Weekday,3
2020-03-24T00:00:00Z,Columbus Ave at 86th St.,783,Weekday,3
2020-03-24T00:00:00Z,Ed Koch Queensboro Bridge Shared Path,2726,Weekday,3
2020-03-24T00:00:00Z,Kent Avenue Bike Path,2160,Weekday,3
2020-03-24T00:00:00Z,Manhattan Bridge Display Bike Counter,1991,Weekday,3
2020-03-24T00:00:00Z,Manhattan Bridge Ped Path,134,Weekday,3
2020-03-24T00:00:00Z,Prospect Park West,1892,Weekday,3
2020-03-24T00:00:00Z,Pulaski Bridge,1379,Weekday,3
2020-03-24T00:00:00Z,Staten Island Ferry,195,Weekday,3
2020-03-24T00:00:00Z,Williamsburg Bridge Bike Path,3534,Weekday,3
2020-03-25T00:00:00Z,8th Ave at 50th St.,1347,Weekday,4
2020-03-25T00:00:00Z,Amsterdam Ave at 86th St.,817,Weekday,4
2020-03-25T00:00:00Z,Brooklyn Bridge Bike Path,346,Weekday,4
2020-03-25T00:00:00Z,Columbus Ave at 86th St.,664,Weekday,4
2020-03-25T00:00:00Z,Ed Koch Queensboro Bridge Shared Path,1650,Weekday,4
2020-03-25T00:00:00Z,Kent Avenue Bike Path,812,Weekday,4
2020-03-25T00:00:00Z,Manhattan Bridge Display Bike Counter,937,Weekday,4
2020-03-25T00:00:00Z,Manhattan Bridge Ped Path,78,Weekday,4
2020-03-25T00:00:00Z,Prospect Park West,872,Weekday,4
2020-03-25T00:00:00Z,Pulaski Bridge,595,Weekday,4
2020-03-25T00:00:00Z,Staten Island Ferry,143,Weekday,4
2020-03-25T00:00:00Z,Williamsburg Bridge Bike Path,1676,Weekday,4
2020-03-26T00:00:00Z,8th Ave at 50th St.,1854,Weekday,5
2020-03-26T00:00:00Z,Amsterdam Ave at 86th St.,962,Weekday,5
2020-03-26T00:00:00Z,Brooklyn Bridge Bike Path,947,Weekday,5
2020-03-26T00:00:00Z,Columbus Ave at 86th St.,870,Weekday,5
2020-03-26T00:00:00Z,Ed Koch Queensboro Bridge Shared Path,2904,Weekday,5
2020-03-26T00:00:00Z,Kent Avenue Bike Path,2317,Weekday,5
2020-03-26T00:00:00Z,Manhattan Bridge Display Bike Counter,2114,Weekday,5
2020-03-26T00:00:00Z,Manhattan Bridge Ped Path,159,Weekday,5
2020-03-26T00:00:00Z,Prospect Park West,1904,Weekday,5
2020-03-26T00:00:00Z,Pulaski Bridge,1620,Weekday,5
2020-03-26T00:00:00Z,Staten Island Ferry,196,Weekday,5
2020-03-26T00:00:00Z,Williamsburg Bridge Bike Path,3588,Weekday,5
2020-03-27T00:00:00Z,8th Ave at 50th St.,2065,Weekday,6
2020-03-27T00:00:00Z,Amsterdam Ave at 86th St.,1099,Weekday,6
2020-03-27T00:00:00Z,Brooklyn Bridge Bike Path,1009,Weekday,6
2020-03-27T00:00:00Z,Columbus Ave at 86th St.,912,Weekday,6
2020-03-27T00:00:00Z,Ed Koch Queensboro Bridge Shared Path,2963,Weekday,6
2020-03-27T00:00:00Z,Kent Avenue Bike Path,2853,Weekday,6
2020-03-27T00:00:00Z,Manhattan Bridge Display Bike Counter,2329,Weekday,6
2020-03-27T00:00:00Z,Manhattan Bridge Ped Path,147,Weekday,6
2020-03-27T00:00:00Z,Prospect Park West,2160,Weekday,6
2020-03-27T00:00:00Z,Pulaski Bridge,1769,Weekday,6
2020-03-27T00:00:00Z,Staten Island Ferry,192,Weekday,6
2020-03-27T00:00:00Z,Williamsburg Bridge Bike Path,3997,Weekday,6
2020-03-28T00:00:00Z,8th Ave at 50th St.,1138,Weekend,7
2020-03-28T00:00:00Z,Amsterdam Ave at 86th St.,800,Weekend,7
2020-03-28T00:00:00Z,Brooklyn Bridge Bike Path,242,Weekend,7
2020-03-28T00:00:00Z,Columbus Ave at 86th St.,589,Weekend,7
2020-03-28T00:00:00Z,Ed Koch Queensboro Bridge Shared Path,981,Weekend,7
2020-03-28T00:00:00Z,Kent Avenue Bike Path,622,Weekend,7
2020-03-28T00:00:00Z,Manhattan Bridge Display Bike Counter,597,Weekend,7
2020-03-28T00:00:00Z,Manhattan Bridge Ped Path,38,Weekend,7
2020-03-28T00:00:00Z,Prospect Park West,779,Weekend,7
2020-03-28T00:00:00Z,Pulaski Bridge,360,Weekend,7
2020-03-28T00:00:00Z,Staten Island Ferry,99,Weekend,7
2020-03-28T00:00:00Z,Williamsburg Bridge Bike Path,1067,Weekend,7
2020-03-29T00:00:00Z,8th Ave at 50th St.,1189,Weekend,1
2020-03-29T00:00:00Z,Amsterdam Ave at 86th St.,800,Weekend,1
2020-03-29T00:00:00Z,Brooklyn Bridge Bike Path,328,Weekend,1
2020-03-29T00:00:00Z,Columbus Ave at 86th St.,613,Weekend,1
2020-03-29T00:00:00Z,Ed Koch Queensboro Bridge Shared Path,969,Weekend,1
2020-03-29T00:00:00Z,Kent Avenue Bike Path,675,Weekend,1
2020-03-29T00:00:00Z,Manhattan Bridge Display Bike Counter,721,Weekend,1
2020-03-29T00:00:00Z,Manhattan Bridge Ped Path,55,Weekend,1
2020-03-29T00:00:00Z,Prospect Park West,716,Weekend,1
2020-03-29T00:00:00Z,Pulaski Bridge,424,Weekend,1
2020-03-29T00:00:00Z,Staten Island Ferry,112,Weekend,1
2020-03-29T00:00:00Z,Williamsburg Bridge Bike Path,1142,Weekend,1
2020-03-30T00:00:00Z,8th Ave at 50th St.,1508,Weekday,2
2020-03-30T00:00:00Z,Amsterdam Ave at 86th St.,882,Weekday,2
2020-03-30T00:00:00Z,Brooklyn Bridge Bike Path,521,Weekday,2
2020-03-30T00:00:00Z,Columbus Ave at 86th St.,657,Weekday,2
2020-03-30T00:00:00Z,Ed Koch Queensboro Bridge Shared Path,1999,Weekday,2
2020-03-30T00:00:00Z,Kent Avenue Bike Path,1174,Weekday,2
2020-03-30T00:00:00Z,Manhattan Bridge Display Bike Counter,1273,Weekday,2
2020-03-30T00:00:00Z,Manhattan Bridge Ped Path,91,Weekday,2
2020-03-30T00:00:00Z,Prospect Park West,1138,Weekday,2
2020-03-30T00:00:00Z,Pulaski Bridge,866,Weekday,2
2020-03-30T00:00:00Z,Staten Island Ferry,156,Weekday,2
2020-03-30T00:00:00Z,Williamsburg Bridge Bike Path,2071,Weekday,2
2020-03-31T00:00:00Z,8th Ave at 50th St.,1538,Weekday,3
2020-03-31T00:00:00Z,Amsterdam Ave at 86th St.,780,Weekday,3
2020-03-31T00:00:00Z,Brooklyn Bridge Bike Path,449,Weekday,3
2020-03-31T00:00:00Z,Columbus Ave at 86th St.,665,Weekday,3
2020-03-31T00:00:00Z,Ed Koch Queensboro Bridge Shared Path,2012,Weekday,3
2020-03-31T00:00:00Z,Kent Avenue Bike Path,1148,Weekday,3
2020-03-31T00:00:00Z,Manhattan Bridge Display Bike Counter,1246,Weekday,3
2020-03-31T00:00:00Z,Manhattan Bridge Ped Path,93,Weekday,3
2020-03-31T00:00:00Z,Prospect Park West,1050,Weekday,3
2020-03-31T00:00:00Z,Pulaski Bridge,798,Weekday,3
2020-03-31T00:00:00Z,Staten Island Ferry,141,Weekday,3
2020-03-31T00:00:00Z,Williamsburg Bridge Bike Path,2145,Weekday,3
2020-04-01T00:00:00Z,8th Ave at 50th St.,1650,Weekday,4
2020-04-01T00:00:00Z,Amsterdam Ave at 86th St.,896,Weekday,4
2020-04-01T00:00:00Z,Brooklyn Bridge Bike Path,839,Weekday,4
2020-04-01T00:00:00Z,Columbus Ave at 86th St.,660,Weekday,4
2020-04-01T00:00:00Z,Ed Koch Queensboro Bridge Shared Path,2430,Weekday,4
2020-04-01T00:00:00Z,Kent Avenue Bike Path,2017,Weekday,4
2020-04-01T00:00:00Z,Manhattan Bridge Display Bike Counter,1886,Weekday,4
2020-04-01T00:00:00Z,Manhattan Bridge Ped Path,150,Weekday,4
2020-04-01T00:00:00Z,Prospect Park West,1581,Weekday,4
2020-04-01T00:00:00Z,Pulaski Bridge,1254,Weekday,4
2020-04-01T00:00:00Z,Staten Island Ferry,137,Weekday,4
2020-04-01T00:00:00Z,Williamsburg Bridge Bike Path,3048,Weekday,4
2020-04-02T00:00:00Z,8th Ave at 50th St.,1714,Weekday,5
2020-04-02T00:00:00Z,Amsterdam Ave at 86th St.,935,Weekday,5
2020-04-02T00:00:00Z,Brooklyn Bridge Bike Path,747,Weekday,5
2020-04-02T00:00:00Z,Columbus Ave at 86th St.,719,Weekday,5
2020-04-02T00:00:00Z,Ed Koch Queensboro Bridge Shared Path,2234,Weekday,5
2020-04-02T00:00:00Z,Kent Avenue Bike Path,1548,Weekday,5
2020-04-02T00:00:00Z,Manhattan Bridge Display Bike Counter,1625,Weekday,5
2020-04-02T00:00:00Z,Manhattan Bridge Ped Path,107,Weekday,5
2020-04-02T00:00:00Z,Prospect Park West,1395,Weekday,5
2020-04-02T00:00:00Z,Pulaski Bridge,1133,Weekday,5
2020-04-02T00:00:00Z,Staten Island Ferry,156,Weekday,5
2020-04-02T00:00:00Z,Williamsburg Bridge Bike Path,2763,Weekday,5
2020-04-03T00:00:00Z,8th Ave at 50th St.,1497,Weekday,6
2020-04-03T00:00:00Z,Amsterdam Ave at 86th St.,869,Weekday,6
2020-04-03T00:00:00Z,Brooklyn Bridge Bike Path,256,Weekday,6
2020-04-03T00:00:00Z,Columbus Ave at 86th St.,708,Weekday,6
2020-04-03T00:00:00Z,Ed Koch Queensboro Bridge Shared Path,1307,Weekday,6
2020-04-03T00:00:00Z,Kent Avenue Bike Path,681,Weekday,6
2020-04-03T00:00:00Z,Manhattan Bridge Display Bike Counter,754,Weekday,6
2020-04-03T00:00:00Z,Manhattan Bridge Ped Path,76,Weekday,6
2020-04-03T00:00:00Z,Prospect Park West,863,Weekday,6
2020-04-03T00:00:00Z,Pulaski Bridge,514,Weekday,6
2020-04-03T00:00:00Z,Staten Island Ferry,133,Weekday,6
2020-04-03T00:00:00Z,Williamsburg Bridge Bike Path,1406,Weekday,6
2020-04-04T00:00:00Z,8th Ave at 50th St.,1914,Weekend,7
2020-04-04T00:00:00Z,Amsterdam Ave at 86th St.,1034,Weekend,7
2020-04-04T00:00:00Z,Brooklyn Bridge Bike Path,1350,Weekend,7
2020-04-04T00:00:00Z,Columbus Ave at 86th St.,876,Weekend,7
2020-04-04T00:00:00Z,Ed Koch Queensboro Bridge Shared Path,2683,Weekend,7
2020-04-04T00:00:00Z,Kent Avenue Bike Path,2996,Weekend,7
2020-04-04T00:00:00Z,Manhattan Bridge Display Bike Counter,2531,Weekend,7
2020-04-04T00:00:00Z,Manhattan Bridge Ped Path,136,Weekend,7
2020-04-04T00:00:00Z,Prospect Park West,2380,Weekend,7
2020-04-04T00:00:00Z,Pulaski Bridge,1997,Weekend,7
2020-04-04T00:00:00Z,Staten Island Ferry,169,Weekend,7
2020-04-04T00:00:00Z,Williamsburg Bridge Bike Path,3990,Weekend,7
2020-04-05T00:00:00Z,8th Ave at 50th St.,1613,Weekend,1
2020-04-05T00:00:00Z,Amsterdam Ave at 86th St.,975,Weekend,1
2020-04-05T00:00:00Z,Brooklyn Bridge Bike Path,1160,Weekend,1
2020-04-05T00:00:00Z,Columbus Ave at 86th St.,766,Weekend,1
2020-04-05T00:00:00Z,Ed Koch Queensboro Bridge Shared Path,2282,Weekend,1
2020-04-05T00:00:00Z,Kent Avenue Bike Path,2584,Weekend,1
2020-04-05T00:00:00Z,Manhattan Bridge Display Bike Counter,2244,Weekend,1
2020-04-05T00:00:00Z,Manhattan Bridge Ped Path,153,Weekend,1
2020-04-05T00:00:00Z,Prospect Park West,1793,Weekend,1
2020-04-05T00:00:00Z,Pulaski Bridge,1844,Weekend,1
2020-04-05T00:00:00Z,Staten Island Ferry,143,Weekend,1
2020-04-05T00:00:00Z,Williamsburg Bridge Bike Path,3406,Weekend,1
2020-04-06T00:00:00Z,8th Ave at 50th St.,1830,Weekday,2
2020-04-06T00:00:00Z,Amsterdam Ave at 86th St.,906,Weekday,2
2020-04-06T00:00:00Z,Brooklyn Bridge Bike Path,1091,Weekday,2
2020-04-06T00:00:00Z,Columbus Ave at 86th St.,729,Weekday,2
2020-04-06T00:00:00Z,Ed Koch Queensboro Bridge Shared Path,2999,Weekday,2
2020-04-06T00:00:00Z,Kent Avenue Bike Path,2573,Weekday,2
2020-04-06T00:00:00Z,Manhattan Bridge Display Bike Counter,2257,Weekday,2
2020-04-06T00:00:00Z,Manhattan Bridge Ped Path,161,Weekday,2
2020-04-06T00:00:00Z,Prospect Park West,1847,Weekday,2
2020-04-06T00:00:00Z,Pulaski Bridge,1790,Weekday,2
2020-04-06T00:00:00Z,Staten Island Ferry,153,Weekday,2
2020-04-06T00:00:00Z,Williamsburg Bridge Bike Path,3756,Weekday,2
2020-04-07T00:00:00Z,8th Ave at 50th St.,1837,Weekday,3
2020-04-07T00:00:00Z,Amsterdam Ave at 86th St.,902,Weekday,3
2020-04-07T00:00:00Z,Brooklyn Bridge Bike Path,974,Weekday,3
2020-04-07T00:00:00Z,Columbus Ave at 86th St.,688,Weekday,3
2020-04-07T00:00:00Z,Ed Koch Queensboro Bridge Shared Path,2824,Weekday,3
2020-04-07T00:00:00Z,Kent Avenue Bike Path,2255,Weekday,3
2020-04-07T00:00:00Z,Manhattan Bridge Display Bike Counter,2029,Weekday,3
2020-04-07T00:00:00Z,Manhattan Bridge Ped Path,166,Weekday,3
2020-04-07T00:00:00Z,Prospect Park West,1728,Weekday,3
2020-04-07T00:00:00Z,Pulaski Bridge,1439,Weekday,3
2020-04-07T00:00:00Z,Staten Island Ferry,159,Weekday,3
2020-04-07T00:00:00Z,Williamsburg Bridge Bike Path,3289,Weekday,3
2020-04-08T00:00:00Z,8th Ave at 50th St.,1748,Weekday,4
2020-04-08T00:00:00Z,Amsterdam Ave at 86th St.,960,Weekday,4
2020-04-08T00:00:00Z,Brooklyn Bridge Bike Path,730,Weekday,4
2020-04-08T00:00:00Z,Columbus Ave at 86th St.,738,Weekday,4
2020-04-08T00:00:00Z,Ed Koch Queensboro Bridge Shared Path,2296,Weekday,4
2020-04-08T00:00:00Z,Kent Avenue Bike Path,1772,Weekday,4
2020-04-08T00:00:00Z,Manhattan Bridge Display Bike Counter,1587,Weekday,4
2020-04-08T00:00:00Z,Manhattan Bridge Ped Path,108,Weekday,4
2020-04-08T00:00:00Z,Prospect Park West,1446,Weekday,4
2020-04-08T00:00:00Z,Pulaski Bridge,1127,Weekday,4
2020-04-08T00:00:00Z,Staten Island Ferry,158,Weekday,4
2020-04-08T00:00:00Z,Williamsburg Bridge Bike Path,2873,Weekday,4
2020-04-09T00:00:00Z,8th Ave at 50th St.,1407,Weekday,5
2020-04-09T00:00:00Z,Amsterdam Ave at 86th St.,742,Weekday,5
2020-04-09T00:00:00Z,Brooklyn Bridge Bike Path,385,Weekday,5
2020-04-09T00:00:00Z,Columbus Ave at 86th St.,552,Weekday,5
2020-04-09T00:00:00Z,Ed Koch Queensboro Bridge Shared Path,1554,Weekday,5
2020-04-09T00:00:00Z,Kent Avenue Bike Path,939,Weekday,5
2020-04-09T00:00:00Z,Manhattan Bridge Display Bike Counter,933,Weekday,5
2020-04-09T00:00:00Z,Manhattan Bridge Ped Path,93,Weekday,5
2020-04-09T00:00:00Z,Prospect Park West,946,Weekday,5
2020-04-09T00:00:00Z,Pulaski Bridge,619,Weekday,5
2020-04-09T00:00:00Z,Staten Island Ferry,139,Weekday,5
2020-04-09T00:00:00Z,Williamsburg Bridge Bike Path,1682,Weekday,5
2020-04-10T00:00:00Z,8th Ave at 50th St.,1645,Weekday,6
2020-04-10T00:00:00Z,Amsterdam Ave at 86th St.,903,Weekday,6
2020-04-10T00:00:00Z,Brooklyn Bridge Bike Path,447,Weekday,6
2020-04-10T00:00:00Z,Columbus Ave at 86th St.,695,Weekday,6
2020-04-10T00:00:00Z,Ed Koch Queensboro Bridge Shared Path,1866,Weekday,6
2020-04-10T00:00:00Z,Kent Avenue Bike Path,945,Weekday,6
2020-04-10T00:00:00Z,Manhattan Bridge Display Bike Counter,1211,Weekday,6
2020-04-10T00:00:00Z,Manhattan Bridge Ped Path,98,Weekday,6
2020-04-10T00:00:00Z,Prospect Park West,923,Weekday,6
2020-04-10T00:00:00Z,Pulaski Bridge,766,Weekday,6
2020-04-10T00:00:00Z,Staten Island Ferry,137,Weekday,6
2020-04-10T00:00:00Z,Williamsburg Bridge Bike Path,1972,Weekday,6
2020-04-11T00:00:00Z,8th Ave at 50th St.,2075,Weekend,7
2020-04-11T00:00:00Z,Amsterdam Ave at 86th St.,1027,Weekend,7
2020-04-11T00:00:00Z,Brooklyn Bridge Bike Path,1540,Weekend,7
2020-04-11T00:00:00Z,Columbus Ave at 86th St.,897,Weekend,7
2020-04-11T00:00:00Z,Ed Koch Queensboro Bridge Shared Path,2832,Weekend,7
2020-04-11T00:00:00Z,Kent Avenue Bike Path,2956,Weekend,7
2020-04-11T00:00:00Z,Manhattan Bridge Display Bike Counter,2809,Weekend,7
2020-04-11T00:00:00Z,Manhattan Bridge Ped Path,164,Weekend,7
2020-04-11T00:00:00Z,Prospect Park West,2543,Weekend,7
2020-04-11T00:00:00Z,Pulaski Bridge,2161,Weekend,7
2020-04-11T00:00:00Z,Staten Island Ferry,156,Weekend,7
2020-04-11T00:00:00Z,Williamsburg Bridge Bike Path,4443,Weekend,7
2020-04-12T00:00:00Z,8th Ave at 50th St.,1910,Weekend,1
2020-04-12T00:00:00Z,Amsterdam Ave at 86th St.,1023,Weekend,1
2020-04-12T00:00:00Z,Brooklyn Bridge Bike Path,1494,Weekend,1
2020-04-12T00:00:00Z,Columbus Ave at 86th St.,878,Weekend,1
2020-04-12T00:00:00Z,Ed Koch Queensboro Bridge Shared Path,2706,Weekend,1
2020-04-12T00:00:00Z,Kent Avenue Bike Path,2892,Weekend,1
2020-04-12T00:00:00Z,Manhattan Bridge Display Bike Counter,2705,Weekend,1
2020-04-12T00:00:00Z,Manhattan Bridge Ped Path,159,Weekend,1
2020-04-12T00:00:00Z,Prospect Park West,1961,Weekend,1
2020-04-12T00:00:00Z,Pulaski Bridge,2023,Weekend,1
2020-04-12T00:00:00Z,Staten Island Ferry,147,Weekend,1
2020-04-12T00:00:00Z,Williamsburg Bridge Bike Path,4069,Weekend,1
2020-04-13T00:00:00Z,8th Ave at 50th St.,892,Weekday,2
2020-04-13T00:00:00Z,Amsterdam Ave at 86th St.,485,Weekday,2
2020-04-13T00:00:00Z,Brooklyn Bridge Bike Path,159,Weekday,2
2020-04-13T00:00:00Z,Columbus Ave at 86th St.,382,Weekday,2
2020-04-13T00:00:00Z,Ed Koch Queensboro Bridge Shared Path,785,Weekday,2
2020-04-13T00:00:00Z,Kent Avenue Bike Path,516,Weekday,2
2020-04-13T00:00:00Z,Manhattan Bridge Display Bike Counter,399,Weekday,2
2020-04-13T00:00:00Z,Manhattan Bridge Ped Path,37,Weekday,2
2020-04-13T00:00:00Z,Prospect Park West,492,Weekday,2
2020-04-13T00:00:00Z,Pulaski Bridge,262,Weekday,2
2020-04-13T00:00:00Z,Staten Island Ferry,80,Weekday,2
2020-04-13T00:00:00Z,Williamsburg Bridge Bike Path,952,Weekday,2
2020-04-14T00:00:00Z,8th Ave at 50th St.,1886,Weekday,3
2020-04-14T00:00:00Z,Amsterdam Ave at 86th St.,990,Weekday,3
2020-04-14T00:00:00Z,Brooklyn Bridge Bike Path,951,Weekday,3
2020-04-14T00:00:00Z,Columbus Ave at 86th St.,782,Weekday,3
2020-04-14T00:00:00Z,Ed Koch Queensboro Bridge Shared Path,413,Weekday,3
2020-04-14T00:00:00Z,Kent Avenue Bike Path,2195,Weekday,3
2020-04-14T00:00:00Z,Manhattan Bridge Display Bike Counter,2234,Weekday,3
2020-04-14T00:00:00Z,Manhattan Bridge Ped Path,157,Weekday,3
2020-04-14T00:00:00Z,Prospect Park West,1800,Weekday,3
2020-04-14T00:00:00Z,Pulaski Bridge,1474,Weekday,3
2020-04-14T00:00:00Z,Staten Island Ferry,185,Weekday,3
2020-04-14T00:00:00Z,Williamsburg Bridge Bike Path,3647,Weekday,3
2020-04-15T00:00:00Z,8th Ave at 50th St.,1729,Weekday,4
2020-04-15T00:00:00Z,Amsterdam Ave at 86th St.,869,Weekday,4
2020-04-15T00:00:00Z,Brooklyn Bridge Bike Path,763,Weekday,4
2020-04-15T00:00:00Z,Columbus Ave at 86th St.,744,Weekday,4
2020-04-15T00:00:00Z,Kent Avenue Bike Path,1810,Weekday,4
2020-04-15T00:00:00Z,Manhattan Bridge Display Bike Counter,1643,Weekday,4
2020-04-15T00:00:00Z,Manhattan Bridge Ped Path,150,Weekday,4
2020-04-15T00:00:00Z,Prospect Park West,1447,Weekday,4
2020-04-15T00:00:00Z,Pulaski Bridge,1236,Weekday,4
2020-04-15T00:00:00Z,Staten Island Ferry,168,Weekday,4
2020-04-15T00:00:00Z,Williamsburg Bridge Bike Path,2998,Weekday,4
