bikeid,facilitycl,street,fromstreet,tostreet,instdate,moddate,yr,,,Modification Year,Counts Missing
7,I,1 AV,E 124 ST,E 125 ST,2013-10-18,2016-10-06,2016,,,2016,154
29,II,2 AV,E 2 ST,E HOUSTON ST,2007-10-01,2016-12-20,2016,,,2015,139
39,I,4 AV,E 12 ST,E 14 ST,1994-05-01,2016-09-26,2016,,,2014,107
99,I,AV OF THE AMERICAS,W 8 ST,W 13 ST,1978-07-01,2016-11-12,2016,,,2013,175
197,I,CHRYSTIE ST,E HOUSTON ST,RIVINGTON ST,2008-10-30,2016-12-20,2016,,,2012,118
198,II,CHRYSTIE ST,E HOUSTON ST,E HOUSTON ST,2008-10-30,2016-12-20,2016,,,2011,83
199,I,CHRYSTIE ST,RIVINGTON ST,HESTER ST,2008-10-30,2016-12-20,2016,,,2010,129
227,III,DYCKMAN ST,BROADWAY,SEAMAN AV,2003-06-01,2016-11-01,2016,,,2009,187
247,I,E 17 ST,UNION SQ E,UNION SQ W,2010-09-01,2016-10-18,2016,,,,
505,III,UNION SQ S,E 15 ST,UNION SQ E,2010-09-01,2016-09-26,2016,,,,
563,III,W 42 ST,7 AV,BROADWAY,2009-11-01,2016-12-13,2016,,,,
955,III,7 AV,41 ST,42 ST,2001-11-01,2016-04-01,2016,,,,
1012,II,BOND STREET,3 ST,UNION ST,2014-08-18,2016-10-05,2016,,,,
1014,II,BOND STREET,UNION ST,DOUGLASS ST,2014-06-11,2016-10-05,2016,,,,
1210,II,GREENPOINT AVE BRIDGE,KINGSLAND AVE,REVIEW AVE,2015-06-29,2016-10-01,2016,,,,
1238,I,JAY ST,NASSAU ST,TILLARY,2004-06-01,2016-08-25,2016,,,,
1239,I,JAY ST,TILLARY ST,TILLARY ST,2008-10-01,2016-08-25,2016,,,,
1240,I,JAY ST,TILLARY ST,METROTECH RD,2008-10-03,2016-08-25,2016,,,,
1241,I,JAY ST,SANDS ST,NASSAU ST,2004-06-01,2016-08-25,2016,,,,
1260,II,LAFAYETTE AV,FULTON ST,CLASSON AV,2012-10-10,2016-06-16,2016,,,,
1286,III,MC GUINNESS BLVD,PULASKI BR,FREEMAN ST,2007-09-01,2016-04-29,2016,,,,
1401,I,PULASKI BR,EAGLE ST,JACKSON AV,1954-01-01,2016-04-29,2016,,,,
1411,II,BORINQUEN PL,RODNEY ST,MARCY AV,2009-04-01,2016-10-15,2016,,,,
1939,I,PULASKI BR,EAGLE ST,JACKSON AV,1954-01-01,2016-04-29,2016,,,,
2140,II,W 8 ST,6 AV,5 AV,2015-05-24,2016-11-18,2016,,,,
2169,I,1 AV,E 55 ST,E 56 ST,2011-07-22,2016-12-23,2016,,,,
2223,I,FOOD CENTER DR,HALLECK ST,FARRAGUT ST,2016-05-01,2016-05-01,2016,,,,
2226,II,CORNELIA ST,KNICKERBOCKER AVE,WYCKOFF AVE,2016-06-28,2016-06-28,2016,,,,
2228,II,HANCOCK ST,SENECA AVE,WYCKOFF AVE,2016-06-27,2016-06-27,2016,,,,
2229,III,WYCKOFF AVE,HANCOCK ST,HANCOCK ST,2016-07-08,2016-07-08,2016,,,,
2230,II,CATALPA AVE,WOODWARD AVE,SENECA AVE,2016-07-08,2016-07-08,2016,,,,
2231,III,SENECA AVE,CATALPA AVE,HANCOCK ST,2016-06-27,2016-06-27,2016,,,,
2232,II,CORNELIA ST,WYCKOFF AVE,WOODWARD AVE,2016-06-28,2016-06-28,2016,,,,
2234,II,NOME AVE,FRESHKILLS GWY,STEINWAY AVE,2016-07-01,2016-07-01,2016,,,,
2235,III,STEINWAY AVE,NOME AVE,TRAVIS AVE,2016-07-15,2016-07-15,2016,,,,
2236,II,TRAVIS AVE,STEINWAY AVE,KELLY BLVD,2016-07-08,2016-07-08,2016,,,,
2237,II,KELLY BLVD,TRAVIS AVE,ROCKLAND AVE,2016-07-08,2016-07-08,2016,,,,
2238,II,ROCKLAND AVE,KELLY BLVD,MC DIVITT AVE,2016-07-15,2016-07-15,2016,,,,
2239,II,ROCKLAND AVE,MC DIVITT AVE,FOREST HILL RD,2016-07-15,2016-07-15,2016,,,,
2241,II,E 78 ST,CHEROKEE PL,YORK AVE,2016-07-15,2016-07-15,2016,,,,
2243,II,E 77 ST,YORK AVE,CHEROKEE PL,2016-07-15,2016-07-15,2016,,,,
2244,III,CHEROKEE PL,E 77 ST,E 78 ST,2016-07-15,2016-07-15,2016,,,,
2245,III,YORK AVE,E 78 ST,E 77 ST,2016-08-09,2016-08-09,2016,,,,
2247,III,E 71 ST,FDR DR,YORK AVE,2016-08-16,2016-08-16,2016,,,,
2249,III,SEDGWICK AVE,CEDAR AVE,W TREMONT AVE,2016-08-30,2016-08-30,2016,,,,
2250,III,SEDGWICK AVE,W TREMONT AVE,SEDGEWICK AVE,2016-08-30,2016-08-30,2016,,,,
2251,III,W TREMONT AVE,SEDGWICK AVE,W TREMONT AVE,2016-08-30,2016-08-30,2016,,,,
2252,II,W TREMONT AVE,W TREMONT AVE,SEDGWICK AVE,2016-08-30,2016-08-30,2016,,,,
2253,III,W TREMONT AVE,SEDGEWICK AVE,UNIVERSITY AVE,2016-08-30,2016-08-30,2016,,,,
2255,III,E TREMONT AVE,ANTHONY AVE,CRESTON AVE,2016-08-30,2016-08-30,2016,,,,
2256,III,E TREMONT AVE,CRESTON AVE,ANTHONY AVE,2016-08-30,2016-08-30,2016,,,,
2257,III,E TREMONT AVE,WEBSTER AVE,PARK AVE,2016-05-20,2016-05-20,2016,,,,
2258,II,E TREMONT AVE,PARK AVE,PARK AVE,2016-05-20,2016-05-20,2016,,,,
2261,III,CAMPUS RD,AMERSFORT PL,E 23 ST,2016-08-18,2016-08-18,2016,,,,
2262,III,E 23 ST,CAMPUS RD,CAMPUS RD,2016-08-18,2016-08-18,2016,,,,
2263,III,CAMPUS RD,E 23 ST,AVE H,2016-08-18,2016-08-18,2016,,,,
2264,II,KNICKERBOCKER AVE,COOPER AVE,FLUSHING AVE,2016-08-26,2016-08-26,2016,,,,
2267,III,BEVERLEY RD,OCEAN PKWY,OCEAN AVE,2016-08-03,2016-08-03,2016,,,,
2268,II,STERLING PL,KINGSTON AVE,VANDERBILT AVE,2016-09-20,2016-09-20,2016,,,,
2269,II,ST JOHNS PL,PLAZA ST E,WASHINGTON AVE,2016-09-20,2016-09-20,2016,,,,
2270,II,ST JOHNS PL,WASHINGTON AVE,ROGERS AVE,2016-09-20,2016-09-20,2016,,,,
2271,III,ST JOHNS PL,ROGERS AVE,NEW YORK AVE,2016-09-20,2016-09-20,2016,,,,
2272,II,ST JOHNS PL,NEW YORK AVE,HOWARD AVE,2016-09-20,2016-09-20,2016,,,,
2273,II,ST JOHNS PL,HOWARD AVE,EASTERN PKWY,2016-09-20,2016-09-20,2016,,,,
2274,III,ST JOHNS PL,EASTERN PKWY,E NY AVE,2016-09-20,2016-09-20,2016,,,,
2275,III,SARATOGA AVE,ST JOHNS PL,E NY AVE,2016-09-20,2016-09-20,2016,,,,
2277,I,BRUCKNER BLVD,LONGWOOD AVE,HUNTS POINT AVE,2016-09-13,2016-09-13,2016,,,,
2281,I,SOUTH ST,MONTGOMERY ST,RUTGERS SL,1998-01-01,2016-07-01,2016,,,,
2282,II,VAN SICLEN AVE,VANDALIA AVE,SEAVIEW AVE,2016-07-27,2016-07-27,2016,,,,
2283,II,SEAVIEW AVE,VAN SICLEN AVE,PENNSYLVANIA AVE,2016-07-27,2016-07-27,2016,,,,
2284,I,PENNSYLVANIA AVE,SEAVIEW AVE,BELT PKWY WB,2016-08-05,2016-08-05,2016,,,,
2285,I,PENNSYLVANIA AVE,BELT PKWY WB,SHORE PKWY GWY,2016-10-01,2016-10-01,2016,,,,
2286,I,JAY ST,METROTECH RD,FULTON ST,2008-10-03,2016-08-25,2016,,,,
2289,III,31 AVE,VERNON BLVD,CRESCENT ST,2016-10-14,2016-10-14,2016,,,,
2290,II,31 AVE,CRESCENT ST,32 ST,2016-10-14,2016-10-14,2016,,,,
2291,III,31 AVE,32 ST,49 ST,2016-10-14,2016-10-14,2016,,,,
2292,II,31 AVE,49 ST,51 ST,2016-10-14,2016-10-14,2016,,,,
2293,II,31 AVE,51 ST,54 ST,2016-10-14,2016-10-14,2016,,,,
2295,II,31 AVE,74 ST,101 ST,2016-10-14,2016-10-14,2016,,,,
2296,II,101 ST,32 AVE,ASTORIA BLVD,2016-10-14,2016-10-14,2016,,,,
2297,III,KEARNEY ST,ASTORIA BLVD,27 AVE,2016-10-14,2016-10-14,2016,,,,
2298,III,27 AVE,DITMARS BLVD,KEARNEY ST,2016-10-14,2016-10-14,2016,,,,
2299,III,27 AVE,KEARNEY ST,100 ST,2016-10-14,2016-10-14,2016,,,,
2300,III,100 ST,27 AVE,ASTORIA BLVD,2016-10-14,2016-10-14,2016,,,,
2301,II,100 ST,ASTORIA BLVD,32 AVE,2016-10-14,2016-10-14,2016,,,,
2302,II,32 AVE,108 ST,94 ST,2016-10-14,2016-10-14,2016,,,,
2303,III,32 AVE,94 ST,93 ST,2016-10-14,2016-10-14,2016,,,,
2304,II,32 AVE,93 ST,74 ST,2016-10-14,2016-10-14,2016,,,,
2305,II,74 ST,34 AVE,31 AVE,2016-10-14,2016-10-14,2016,,,,
2306,II,75 ST,31 AVE,34 AVE,2016-10-14,2016-10-14,2016,,,,
2307,II,BAY ST,MINTHORNE ST,HANNAH ST,2016-10-14,2016-10-14,2016,,,,
2308,III,BAY ST,HANNAH ST,SWAN ST,2016-10-14,2016-10-14,2016,,,,
2309,II,GRAND AVE,69 AVE,74 ST,2016-10-16,2016-10-16,2016,,,,
2310,I,20 AVE,35 ST,36 ST,2016-06-01,2016-06-01,2016,,,,
2311,I,20 AVE,37 ST,36 ST,2016-06-01,2016-06-01,2016,,,,
2313,I,COLUMBUS AVE,65 ST,59 ST,2016-11-23,2016-11-23,2016,,,,
2314,III,69 ST,METROPOLITAN AVE,62 AVE,2016-11-25,2016-11-25,2016,,,,
2315,II,69 ST,62 AVE,CALDWELL AVE,2016-11-25,2016-11-25,2016,,,,
2316,III,69 ST,CALDWELL AVE,58 AVE,2016-11-25,2016-11-25,2016,,,,
2317,II,69 ST,58 AVE,55 DR,2016-11-25,2016-11-25,2016,,,,
2318,II,69 ST,55 DR,GRAND AVE,2016-11-25,2016-11-25,2016,,,,
2319,II,69 ST,GRAND AVE,HULL AVE,2016-11-25,2016-11-25,2016,,,,
2320,III,69 ST,HULL AVE,CALAMUS AVE,2016-11-25,2016-11-25,2016,,,,
2321,II,ELIOT AVE,69 ST,WOODHAVEN BLVD,2016-10-31,2016-11-25,2016,,,,
2322,II,80 ST,JUNIPER BLVD N,57 AVE,2016-11-25,2016-11-25,2016,,,,
2323,III,63 AVE,DRY HARBOR RD,82 PLACE,2016-11-25,2016-11-25,2016,,,,
2324,III,63 AVE,82 PLACE,WOODHAVEN BLVD,2016-11-25,2016-11-25,2016,,,,
2325,III,63 AVE,WOODHAVEN BLVD,82 PLACE,2016-11-25,2016-11-25,2016,,,,
2326,II,4 AVE,E 14 ST,E 15 ST,2016-09-26,2016-09-26,2016,,,,
2327,II,E 15 ST,1 AVE,UNION SQ E,2016-09-26,2016-09-26,2016,,,,
2328,II,E 16 ST,UNION SQ E,RUTHERFORD PL,2016-09-26,2016-09-26,2016,,,,
2329,II,E 17 ST,BROADWAY,5 AVE,2016-09-26,2016-09-26,2016,,,,
2330,II,W 17 ST,5 AVE,6 AVE,2016-09-26,2016-09-26,2016,,,,
2331,III,108 ST,34 AVE,NORTHERN BLVD,2016-11-01,2016-11-01,2016,,,,
2332,II,108 ST,NORTHERN BLVD,ASTORIA BLVD,2016-11-01,2016-11-01,2016,,,,
2333,II,31 DR,ASTORIA BLVD,DITMARS BLVD,2016-11-01,2016-11-01,2016,,,,
2335,III,CASTLE HILL AVE,EAST TREMONT AVE,METROPOLITAN AVE,2016-12-09,2016-12-09,2016,,,,
2336,II,CASTLE HILL AVE,METROPOLITAN AVE,PARKER ST,2016-12-09,2016-12-09,2016,,,,
2337,II,CASTLE HILL AVE,PARKER ST,WESTCHESTER AVE,2016-12-09,2016-12-09,2016,,,,
2338,III,CASTLE HILL AVE,WATERBURY AVE,NEWBOLD AVE,2016-12-09,2016-12-09,2016,,,,
2339,II,CASTLE HILL AVE,NEWBOLD AVE,POWELL AVE,2016-12-09,2016-12-09,2016,,,,
2340,II,CASTLE HILL AVE,POWELL AVE,CROSS BRONX NORTH,2016-12-09,2016-12-09,2016,,,,
2341,III,CASTLE HILL AVE,CROSS BRONX NORTH,STORY AVE,2016-12-09,2016-12-09,2016,,,,
2342,II,CASTLE HILL AVE,STORY AVE,BARRETT AVE,2016-12-09,2016-12-09,2016,,,,
2343,II,CASTLE HILL AVE,BARRETT AVE,ZEREGA AVE,2016-12-09,2016-12-09,2016,,,,
2344,III,CASTLE HILL AVE,ZEREGA AVE,HART ST,2016-12-09,2016-12-09,2016,,,,
2345,I,W 47 ST,BROADWAY,7 AVE,2016-12-12,2016-12-12,2016,,,,
2346,III,7 AVE,W 47 ST,W 46 ST,2016-12-12,2016-12-12,2016,,,,
2347,I,7 AVE,W 46 ST,W 42 ST,2016-12-12,2016-12-12,2016,,,,
2349,I,HENDRICKSON ST,HENDRICKSON PL,AVE V,2016-08-24,2016-08-24,2016,,,,
2351,II,E 38 ST,AVE V,AVE U,2016-08-24,2016-08-24,2016,,,,
2352,I,WOODHAVEN BLVD,QUEENS BLVD S,QUEENS BLVD N,2016-12-13,2016-12-13,2016,,,,
2354,I,QUEENS BLVD,WOODHAVEN BLVD,ELIOT AVE,2016-12-13,2016-12-13,2016,,,,
2355,I,QUEENS BLVD,72 ST,WOODHAVEN BLVD,2016-12-13,2016-12-13,2016,,,,
2357,II,BARTOW AVE,BAY PLAZA ENTRANCE,CO-OP CITY BLVD,2016-12-12,2016-12-12,2016,,,,
2358,II,BARTOW AVE,BARTOW AVE,BARTOW AVE,2016-12-12,2016-12-12,2016,,,,
2359,II,BARTOW AVE,CO-OP CITY BLVD,BAY PLAZA ENTRANCE,2016-12-12,2016-12-12,2016,,,,
2362,I,1 AVE,56 ST,59 ST,2016-12-23,2016-12-23,2016,,,,
2363,II,GRAND ST,METROPOLITAN AVE,GRAND ST,2016-12-16,2016-12-16,2016,,,,
2364,II,METROPOLITAN AVE,GRAND ST,VARICK AVE,2016-12-16,2016-12-16,2016,,,,
2365,II,METROPOLITAN AVE,VARICK AVE,VARICK AVE,2016-12-16,2016-12-16,2016,,,,
2366,II,METROPOLITAN AVE,SCOTT AVE,VARICK AVE,2016-12-16,2016-12-16,2016,,,,
2367,III,METROPOLITAN AVE,ONDERDONK AVE,SCOTT AVE,2016-12-16,2016-12-16,2016,,,,
2368,II,METROPOLITAN AVE,VARICK AVE,SCOTT AVE,2016-12-16,2016-12-16,2016,,,,
2369,III,METROPOLITAN AVE,WOODWARD AVE,ONDERDONK AVE,2016-12-16,2016-12-16,2016,,,,
2370,III,WOODWARD AVE,FLUSHING AVE,METROPOLITAN AVE,2016-12-16,2016-12-16,2016,,,,
2373,I,ELIOT AVE,QUEENS BLVD N SERVICE RD,QUEENS BLVD S SERVICE RD,2016-12-13,2016-12-13,2016,,,,
2374,II,JAY ST,MN BRIDGE OFF RAMP,SANDS ST,2004-06-01,2016-08-25,2016,,,,
2376,II,AVE OF THE AMERICAS,W 13 ST,W 14 ST,1978-07-01,2016-11-12,2016,,,,
2377,I,AVE OF THE AMERICAS,W 14 ST,W 32 ST,1978-07-01,2016-11-12,2016,,,,
2394,I,RANDALLS ISLAND GREENWAY,RANDALLS ISLAND GREENWAY,RANDALLS ISLAND GREENWAY,2016-08-01,2016-08-01,2016,,,,
2431,II,BEACH 73 ST,SHORE FRONT PKWY,ROCKAWAY BEACH BLVD,2016-10-01,2016-10-01,2016,,,,
2432,II,BEACH 73 ST,ROCKAWAY BEACH BLVD,SHORE FRONT PKWY,2016-10-01,2016-10-01,2016,,,,
2527,I,GOVERNORS ISLAND GREENWAY,GOVERNORS ISLAND GREENWAY,GOVERNORS ISLAND GREENWAY,2013-10-25,2016-07-01,2016,,,,
15,I,1 AV,E 49 ST,E 55 ST,2011-07-22,2015-12-09,2015,,,,
85,III,AMSTERDAM AVENUE,W 173 ST,W 186 ST,2015-05-19,2015-05-19,2015,,,,
108,I,BATTERY PARK GREENWAY,EAST RIVER ESPLANADE,PETER MINUIT PLAZA GREENWAY,2011-12-14,2015-10-15,2015,,,,
115,II,BOWERY,PRINCE ST,RIVINGTON ST,2008-08-01,2015-07-13,2015,,,,
208,I,CLINTON ST,GRAND ST,E BROADWAY,2008-04-01,2015-09-01,2015,,,,
394,I,HENRY HUDSON PKWY SB EN DYCKMAN,FORT WASHINGTON PARK GREENWAY,RIVERSIDE DR,2003-09-01,2015-09-15,2015,,,,
470,III,SEAMAN AV,W 215 ST,W 218 ST,2003-06-01,2015-06-01,2015,,,,
484,I,ST NICHOLAS AVENUE,FT GEORGE AVE,FT GEORGE HILL,2015-06-10,2015-06-10,2015,,,,
508,II,VARICK ST,CANAL ST,LAIGHT ST,2013-11-26,2015-05-19,2015,,,,
662,III,BOSCOBEL PLACE,UNIVERSITY AVE,UNDERCLIFF AVE,2015-06-29,2015-06-29,2015,,,,
823,II,SEDGWICK AVENUE,UNDERCLIFF AVE,DEPOT PL,2015-06-29,2015-06-29,2015,,,,
824,III,SEDGWICK AVENUE,W 167 ST,DEPOT PL,2015-06-29,2015-06-29,2015,,,,
849,II,UNDERCLIFF AVENUE,BOSCOBEL PL,SEDGWICK AVE,2015-06-29,2015-06-29,2015,,,,
852,III,UNIVERSITY AVENUE,BOSCOBEL PL,MERRIAM AVE,2015-06-29,2015-06-29,2015,,,,
853,II,UNIVERSITY AVENUE,E L GRANT HWY,OGDEN AVE,2015-06-29,2015-06-29,2015,,,,
854,I,UNIVERSITY AVENUE,MERRIAM AVE,HIGHBRIDGE GREENWAY,2015-06-29,2015-06-29,2015,,,,
855,II,UNIVERSITY AVENUE,OGDEN AVE,BOSCOBEL PL,2015-06-29,2015-06-29,2015,,,,
856,II,UNIVERSITY AVENUE,W 170 ST,W 168 ST,2015-06-29,2015-06-29,2015,,,,
883,III,WEST 167 STREET,W 168 ST,SEDGWICK AVE,2015-06-29,2015-06-29,2015,,,,
884,III,WEST 168 STREET,W 167 ST,UNIVERSITY AVE,2015-06-29,2015-06-29,2015,,,,
885,III,WEST 170 STREET,E L GRANT HWY,PLIMPTON AVE,2015-06-29,2015-06-29,2015,,,,
886,II,WEST 170 STREET,OGDEN AVE,UNIVERSITY AVE,2015-06-29,2015-06-29,2015,,,,
887,II,WEST 170 STREET,PLIMPTON AVE,OGDEN AVE,2015-06-29,2015-06-29,2015,,,,
945,III,5 AV,65 ST,72 ST,2001-11-01,2015-06-29,2015,,,,
949,III,5 AVENUE,65 ST,72 ST,2015-06-29,2015-06-29,2015,,,,
957,II,7 AV,65 ST,67 ST,2001-11-01,2015-06-29,2015,,,,
958,II,7 AV,65 ST,67 ST,2001-11-01,2015-06-29,2015,,,,
1016,II,BOND STREET,WYCKOFF ST,SCHERMERHORN ST,2014-06-11,2015-11-14,2015,,,,
1028,III,BROOKLYN AVENUE,ATLANTIC AVE,PACIFIC ST,2015-06-01,2015-06-01,2015,,,,
1029,II,BROOKLYN AVENUE,PACIFIC ST,ST JOHNS PL,2015-06-01,2015-06-01,2015,,,,
1030,II,BROOKLYN AVENUE,PACIFIC ST,ST JOHNS PL,2003-11-01,2015-06-01,2015,,,,
1031,III,BROOKLYN AVENUE,ST JOHNS PL,EASTERN PKWY,2015-06-01,2015-06-01,2015,,,,
1209,III,GREENPOINT AVE,MC GUINNESS BLVD,PROVOST ST,2008-06-18,2015-07-08,2015,,,,
1256,II,KINGSTON AVENUE,EASTERN PKWY,ATLANTIC AVE,2015-06-01,2015-06-01,2015,,,,
1282,III,MARINE AVENUE,FT HAMILTON PKWY,92 ST,2003-05-01,2015-06-29,2015,,,,
1324,II,OCEAN AVENUE,CHURCH AVE,FOSTER AVE,2013-06-28,2015-05-01,2015,,,,
1710,III,78 AV,73 PL,79 PL,2000-01-01,2015-11-01,2015,,,,
1712,II,79 PL,MYRTLE AV,78 AV,2000-01-01,2015-11-01,2015,,,,
1713,II,79 ST,78 AV,MYRTLE AV,2000-01-01,2015-11-01,2015,,,,
1912,III,MYRTLE AV,79 ST,FOREST PARK DR,2000-01-01,2015-11-01,2015,,,,
1913,III,MYRTLE AV,79 ST,FOREST PARK DR,2000-01-01,2015-11-01,2015,,,,
2002,I,VERNON BLVD,33 RD,HALLETS COVE ESPLANADE,2008-07-31,2015-07-10,2015,,,,
2004,I,VERNON BLVD,34 AVE,QUEENSBRIDGE PARK GREENWAY,2008-07-31,2015-07-10,2015,,,,
2106,I,FRESHKILLS GREENWAY,ARLENE ST,ARTHUR KILL RD,2015-09-01,2015-09-01,2015,,,,
2107,III,CLOVE ROAD,RICHMOND TERR,FOREST AVE,2015-09-11,2015-09-11,2015,,,,
2109,III,CLOVE ROAD,CLOVE WAY,BARD AVE,2015-09-11,2015-09-11,2015,,,,
2110,II,CLOVE ROAD,GREENWAY DR,BEVERLY AVE,2015-09-11,2015-09-11,2015,,,,
2111,III,CLOVE ROAD,BEVERLY AVE,GLENWOOD AVE,2015-09-11,2015-09-11,2015,,,,
2112,II,CLOVE ROAD,GLENWOOD AVE,MARTHA ST,2015-09-11,2015-09-11,2015,,,,
2113,III,CLOVE ROAD,MARTHA ST,HOWARD AVE,2015-09-11,2015-09-11,2015,,,,
2117,II,FT WASHINGTON AV,W 170 ST,W 173 ST,2001-11-01,2015-06-04,2015,,,,
2119,II,SPRING ST,WASHINGTON ST,HUDSON ST,2015-07-13,2015-07-13,2015,,,,
2120,III,SPRING ST,HUDSON ST,VARICK ST,2015-07-13,2015-07-13,2015,,,,
2121,II,SPRING ST,VARICK ST,WOOSTER ST,2015-07-13,2015-07-13,2015,,,,
2122,III,SPRING ST,WOOSTER ST,BROADWAY,2015-07-13,2015-07-13,2015,,,,
2123,II,SPRING ST,BROADWAY,LAFAYETTE ST,2015-07-13,2015-07-13,2015,,,,
2124,III,SPRING ST,LAFAYETTE ST,BOWERY,2015-07-13,2015-07-13,2015,,,,
2125,II,BOWERY,SPRING ST,STANTON ST,2015-07-13,2015-07-13,2015,,,,
2126,III,STANTON ST,BOWERY,CHRYSTIE ST,2015-07-13,2015-07-13,2015,,,,
2128,II,PITKIN AVE,PENNSYLVANIA AVE,FOUNTAIN AVE,2015-08-19,2015-08-19,2015,,,,
2129,I,HIGHBRIDGE GREENWAY,HIGH BRIDGE GREENWAY,MN/BX BOUNDARY,2015-07-01,2015-07-01,2015,,,,
2130,I,HIGHBRIDGE GREENWAY,MN/BX BOUNDARY,UNIVERSITY AVE,2015-07-01,2015-07-01,2015,,,,
2131,III,INTERVALE AVE,E 163 ST,WESTCHESTER AVE,2015-10-01,2015-10-01,2015,,,,
2132,III,INTERVALE AVE,WESTCHESTER AVE,FREEMAN ST,2015-10-01,2015-10-01,2015,,,,
2133,II,CATON AVE,OCEAN PKWY WEST,OCEAN PKWY EAST,2009-11-01,2015-08-07,2015,,,,
2134,III,CATON AVE,OCEAN PKWY EAST,CONEY ISLAND AVE,2015-08-07,2015-08-07,2015,,,,
2135,II,SCHERMERHORN ST,BOERUM PLACE,CLINTON ST,2015-09-22,2015-09-22,2015,,,,
2136,I,SEAVIEW AVE,EAST 108 ST,E 102 ST,2015-06-12,2015-06-12,2015,,,,
2137,I,SHORE PARKWAY,ROCKAWAY PARKWAY,E 102 ST,2015-06-12,2015-06-12,2015,,,,
2138,III,E 102 ST,SHORE PARKWAY,SEAVIEW AVE,2015-08-21,2015-08-21,2015,,,,
2139,I,ROCKAWAY PARKWAY,SHORE PARKWAY,CANARSIE PIER,2015-06-12,2015-06-12,2015,,,,
2142,III,MANGIN ST,DELANCEY ST S,DELANCEY ST N,2015-09-18,2015-09-18,2015,,,,
2143,III,DELANCEY ST N,MANGIN ST,CLINTON ST,2015-09-18,2015-09-18,2015,,,,
2144,III,W 170 ST,HAVEN AV,FT WASHINGTON AV,2015-06-24,2015-06-24,2015,,,,
2146,I,EDGECOMBE AV,W 170 ST,W 165 ST,2015-08-11,2015-08-11,2015,,,,
2148,III,W 158 ST,BROADWAY,EDGECOMBE AV,2015-06-24,2015-06-24,2015,,,,
2150,III,W 159 ST,EDGECOMBE AV,BROADWAY,2015-06-24,2015-06-24,2015,,,,
2151,III,BROADWAY,W 158 ST,W 159 ST,2015-06-24,2015-06-24,2015,,,,
2152,III,BROADWAY,W 159 ST,W 158 ST,2015-06-24,2015-06-24,2015,,,,
2153,I,QUEENS BLVD,73 ST,50 ST,2015-10-09,2015-10-09,2015,,,,
2154,II,QUEENS BLVD,74 ST,73 ST,2015-10-09,2015-10-09,2015,,,,
2156,II,QUEENS BLVD,50 ST,ROOSEVELT AV,2015-10-09,2015-10-09,2015,,,,
2157,III,QUEENS BLVD,GREENPOINT AV,50 ST,2015-10-09,2015-10-09,2015,,,,
2158,III,UNIVERSITY AVENUE,W 170 ST,HIGHBRIDGE GREENWAY,2015-06-29,2015-06-29,2015,,,,
2159,III,E 165 ST,JEROME AV,WALTON AV,2015-11-23,2015-11-23,2015,,,,
2160,II,E 165 ST,WALTON AV,SHERMAN AV,2015-11-23,2015-11-23,2015,,,,
2161,III,E 165 ST,SHERMAN AV,PARK AV,2015-11-23,2015-11-23,2015,,,,
2162,II,ST MARKS AV,EASTERN PKWY,E NEW YORK AV,2015-08-28,2015-08-28,2015,,,,
2163,III,BLAKE AV,POWELL ST,SNEDIKER AV,2015-10-01,2015-10-01,2015,,,,
2164,III,BLAKE AV,SARATOGA AV,MOTHER GASTON BLVD,2015-10-01,2015-10-01,2015,,,,
2165,II,BLAKE AV,SNEDIKER AV,FOUNTAIN AV,2015-10-01,2015-10-01,2015,,,,
2166,II,BLAKE AV,MOTHER GASTON BLVD,POWELL ST,2015-10-01,2015-10-01,2015,,,,
2167,III,DUMONT AV,FOUNTAIN AV,NEW LOTS AV,2015-10-01,2015-10-01,2015,,,,
2168,II,DUMONT AV,NEW LOTS AV,SNEDIKER AV,2015-10-01,2015-10-01,2015,,,,
2170,II,ROOSEVELT AV,49 ST,QUEENS BLVD,2015-10-19,2015-10-19,2015,,,,
2171,III,78 AV,80 ST,79 PL,2015-11-01,2015-11-01,2015,,,,
2172,III,80 ST,78 AV,77 RD,2015-11-01,2015-11-01,2015,,,,
2173,II,80 ST,77 RD,ATLAS PARK,2015-11-01,2015-11-01,2015,,,,
2174,II,80 ST,ATLAS PARK,COOPER AV,2015-11-01,2015-11-01,2015,,,,
2175,II,80 ST,COOPER AV,68 RD,2015-11-01,2015-11-01,2015,,,,
2176,II,80 ST,68 RD,64 RD,2015-11-01,2015-11-01,2015,,,,
2177,III,80 ST,64 RD,JUNIPER BLVD S,2015-11-01,2015-11-01,2015,,,,
2178,II,80 ST,JUNIPER BLVD S,JUNIPER BLVD N,2015-11-01,2015-11-01,2015,,,,
2179,III,COOPER AV,80 ST,WOODHAVEN BLVD,2015-11-01,2015-11-01,2015,,,,
2180,III,CENTRAL AV,MYRTLE AV,73 PL,2015-11-01,2015-11-01,2015,,,,
2181,II,GREENPOINT AV,REVIEW AV,STARR AV,2015-12-01,2015-12-01,2015,,,,
2182,III,STARR AV,GREENPOINT AV,VAN DAM ST,2015-12-01,2015-12-01,2015,,,,
2183,III,GREENPOINT AV,STARR AV,GALE AV,2015-12-01,2015-12-01,2015,,,,
2184,II,GREENPOINT AV,GALE AV,BORDEN AV,2015-12-01,2015-12-01,2015,,,,
2185,III,GREENPOINT AV,BORDEN AV,QUEENS BLVD,2015-12-01,2015-12-01,2015,,,,
2187,III,35 ST,SKILLMAN AV,43 AV,2015-12-01,2015-12-01,2015,,,,
2188,II,49 ST,49 ST,QUEENS BLVD,2015-12-01,2015-12-01,2015,,,,
2189,II,50 ST,43 AV,ROOSEVELT AV,2015-12-01,2015-12-01,2015,,,,
2190,III,50 ST,ROOSEVELT AV,QUEENS BLVD,2015-12-01,2015-12-01,2015,,,,
2191,II,51 ST,QUEENS BLVD,ROOSEVELT AV,2015-12-01,2015-12-01,2015,,,,
2192,III,51 ST,ROOSEVELT AV,43 AV,2015-12-01,2015-12-01,2015,,,,
2193,II,51 ST,43 AV,SKILLMAN AV,2015-12-01,2015-12-01,2015,,,,
2195,II,FT HAMILTON PARKWAY,85 ST,86 ST,2015-06-28,2015-06-28,2015,,,,
2197,II,CLOVE ROAD,GLENWOOD AVE,DUDLEY AV,2015-09-11,2015-09-11,2015,,,,
2198,II,5 AVE,WASHINGTON MEWS,WASHINGTON SQ N,1978-07-01,2015-05-24,2015,,,,
2201,I,RANDALLS ISLAND CONNECTOR,RANDALLS ISLAND GREENWAY,E 132 ST,2015-11-14,2015-11-14,2015,,,,
2204,III,50 ST,QUEENS BLVD,47 AV,2015-12-01,2015-12-01,2015,,,,
2205,III,47 AVE,49 ST,50 ST,2015-12-01,2015-12-01,2015,,,,
2211,II,LAFAYETTE AVE,GARRISON AVE,BRUCKNER BLVD,2015-10-01,2015-10-01,2015,,,,
2212,II,COLUMBUS AV,W 67 ST,W 65 ST,2015-10-01,2015-10-01,2015,,,,
2214,I,SPRINGFIELD BLVD,174 AV,SOUTH CONDUIT AV,2015-11-01,2015-11-01,2015,,,,
2215,I,COLUMBUS AV,W 69 ST,W 67 ST,2013-09-25,2015-10-01,2015,,,,
2216,II,SHERMAN AV,BROADWAY,10 AV,2015-07-01,2015-07-01,2015,,,,
2219,II,147 AVE,SPRINGFIELD BLVD,225 ST,2015-11-01,2015-11-01,2015,,,,
2221,II,GREENPOINT AVE,PROVOST ST,MOULTRIE ST,2008-06-18,2015-07-08,2015,,,,
2222,II,GREENPOINT AVE,MOULTRIE ST,KINGSLAND AVE,2008-06-18,2015-07-08,2015,,,,
2276,III,LONGWOOD AVE,SOUTHERN BLVD,BRUCKNER BLVD,2015-10-01,2015-10-01,2015,,,,
2278,II,LAFAYETTE AVE,GARRISON AVE,BARRETTO ST,2015-10-01,2015-10-01,2015,,,,
2279,II,LAFAYETTE AVE,BARRETTO ST,HUNTS PT AVE,2015-10-01,2015-10-01,2015,,,,
2280,II,HUNTS PT AVE,GARRISON AVE,BRUCKNER BLVD,2015-10-01,2015-10-01,2015,,,,
2371,III,PITKIN AVE,FOUNTAIN AVE,SOUTH CONDUIT AVE,2015-08-19,2015-08-19,2015,,,,
2382,III,14 AVE,60 ST,36 ST,2015-10-01,2015-10-01,2015,,,,
2383,III,BAY RIDGE PARKWAY,4 AVE,7 AVE,2015-10-01,2015-10-01,2015,,,,
2692,I,43 ST,1 AV,BUSH TERMINAL GREENWAY,2015-01-01,2015-01-01,2015,,,,
8,I,1 AV,E 38 ST,E 37 ST,2003-08-01,2014-12-12,2014,,,,
82,III,AMSTERDAM AV,FT GEORGE AV,W 190 ST,2014-12-01,2014-12-01,2014,,,,
98,II,AV OF THE AMERICAS,CHURCH ST,WALKER ST,2014-05-13,2014-05-13,2014,,,,
102,III,AV OF THE AMERICAS,WALKER ST,W BROADWAY,2014-05-13,2014-05-13,2014,,,,
240,III,E 102 ST,2 AVE,1 AVE,2014-08-08,2014-08-08,2014,,,,
272,I,E 37 ST,F D R DR,1 AV,2003-08-01,2014-12-12,2014,,,,
275,III,E 38 ST,2 AV,1 AV,2003-08-01,2014-12-12,2014,,,,
320,II,EAST 106 STREET,5 AVE,1 AVE,2014-08-08,2014-08-08,2014,,,,
321,III,EAST 106 STREET,FDR DR,1 AVE,2014-08-08,2014-08-08,2014,,,,
345,I,F D R DR,E 105 ST,E 102 ST,1951-01-01,2014-08-08,2014,,,,
355,I,FORT WASHINGTON PARK GREENWAY,FORT WASHINGTON PARK BIKE TRAIL,FORT WASHINGTON PARK,2014-07-01,2014-07-01,2014,,,,
358,II,FT GEORGE AV,FT GEORGE HILL,AMSTERDAM AV,2014-12-01,2014-12-01,2014,,,,
361,III,FT WASHINGTON AV,W 160 ST,BROADWAY,2014-09-01,2014-09-01,2014,,,,
407,I,INWOOD HILL PARK GREENWAY,DYCKMAN ST,W 218 ST,2014-07-01,2014-07-01,2014,,,,
411,II,LAFAYETTE ST,ASTOR PL,E 9 ST,1994-05-01,2014-04-25,2014,,,,
412,I,LAFAYETTE ST,PRINCE ST,BOND ST,1994-05-01,2014-04-25,2014,,,,
413,I,LAFAYETTE ST,W 3,ASTOR PL,1994-05-01,2014-04-25,2014,,,,
414,II,LAFAYETTE ST,SPRING ST,PRINCE ST,1994-05-01,2014-04-25,2014,,,,
472,III,SOUTH END AV,W THAMES ST,ALBANY ST,2014-07-24,2014-07-24,2014,,,,
473,III,SOUTH END AV,W THAMES ST,DEAD END,2014-07-24,2014-07-24,2014,,,,
592,III,W 79 ST,RIVERSIDE DR,W 79 ST ROTUNDA,2006-09-01,2014-11-22,2014,,,,
593,II,W 79 ST,W 79 ST,79 ST BOAT BASIN,2014-11-22,2014-11-22,2014,,,,
594,II,W 79 ST,W 79 ST,79 ST BOAT BASIN,2014-11-22,2014-11-22,2014,,,,
612,II,WASHINGTON SQ E,WASHINGTON SQ S,WASHINGTON SQ N,2014-06-16,2014-06-16,2014,,,,
614,III,WASHINGTON SQ N,UNIVERSITY PL,5 AV,2014-06-16,2014-06-16,2014,,,,
615,II,WASHINGTON SQ S,THOMPSON ST,WASHINGTON SQ E,2014-06-16,2014-06-16,2014,,,,
616,II,WASHINGTON SQ S,WASHINGTON SQ W,THOMPSON ST,2014-06-16,2014-06-16,2014,,,,
634,III,WEST END AV,W 72 ST,W 107 ST,2014-11-14,2014-11-14,2014,,,,
635,III,WEST END AV,W 72 ST,W 107 ST,2014-11-14,2014-11-14,2014,,,,
636,III,WEST END AV,W 72 ST,W 107 ST,2014-11-14,2014-11-14,2014,,,,
641,I,WILLIS AVENUE BRIDGE APPROACH,E 125 ST,E 135 ST,1920-01-01,2014-07-02,2014,,,,
685,III,BURKE AV,EAST GUNHILL RD,LACONIA AVE,2014-09-26,2014-09-26,2014,,,,
763,I,HARLEM RIVER GREENWAY,W 176 ST,EXTERIOR ST,2014-04-01,2014-04-01,2014,,,,
789,III,LONGWOOD AVENUE,PROSPECT AVE,SOUTHERN BLVD,2014-10-13,2014-10-13,2014,,,,
836,I,SOUNDVIEW PARK GREENWAY,LAFAYETTE AV,SOUNDVIEW PARK GREENWAY,2014-01-01,2014-01-01,2014,,,,
892,III,WHITE PLAINS RD,LAFAYETTE AVE,SEWARD AVE,2014-11-18,2014-11-18,2014,,,,
893,III,WHITE PLAINS RD,SEWARD AVE,O'BRIEN AVE,2014-11-18,2014-11-18,2014,,,,
894,III,WHITE PLAINS RD,STORY AVE,LAFAYETTE AVE,2014-11-18,2014-11-18,2014,,,,
901,I,WILLIS AVENUE BRIDGE,E 125 ST,E 135 ST,1920-01-01,2014-07-02,2014,,,,
943,III,5 AV,50 ST,65 ST,2001-11-01,2014-07-31,2014,,,,
944,III,5 AV,50 ST,65 ST,2014-07-31,2014-07-31,2014,,,,
1013,II,BOND STREET,DOUGLASS ST,WYCKOFF ST,2014-06-11,2014-06-11,2014,,,,
1175,II,FRANKLIN AV,ATLANTIC AV,PACIFIC ST,2008-08-19,2014-08-12,2014,,,,
1178,II,FRANKLIN AV,PACIFIC ST,ST JOHNS PL,2008-08-19,2014-08-12,2014,,,,
1181,III,FRANKLIN AVENUE,ST JOHNS PL,EASTERN PKWY,2014-08-12,2014-08-12,2014,,,,
1251,I,KENT AV,CLYMER ST,WILLIAMSBURG ST W,2009-11-01,2014-06-20,2014,,,,
1300,I,MYRTLE AVE,DUFFIELD ST,JAY ST,1992-01-01,2014-01-02,2014,,,,
1365,III,PARK AV,NAVY ST,STEUBEN ST,2007-05-01,2014-11-01,2014,,,,
1366,III,PARK AVENUE,NAVY ST,STEUBEN ST,2014-11-01,2014-11-01,2014,,,,
1432,III,SARATOGA AVENUE,EAST NEW YORK AVE,NEWPORT ST,2014-10-15,2014-10-15,2014,,,,
1474,II,THOMAS S BOYLAND STREET,EAST NEW YORK AVE,PACIFIC ST,2014-10-15,2014-10-15,2014,,,,
1475,III,THOMAS S BOYLAND STREET,EAST NEW YORK AVE,HEGEMAN AVE,2014-10-15,2014-10-15,2014,,,,
1494,III,VAN BRUNT ST,BEARD ST,SUMMIT ST,2014-04-30,2014-04-30,2014,,,,
1496,I,VAN BRUNT ST,SACKETT ST,HAMILTON AV,2013-11-05,2014-07-01,2014,,,,
1499,II,VAN SICLEN AV,COZINE AVE,VANDALIA AVE,2014-09-10,2014-09-10,2014,,,,
1500,II,VAN SICLEN AV,COZINE AVE,VANDALIA AVE,2014-09-10,2014-09-10,2014,,,,
1501,III,VAN SICLEN AV,COZINE AVE,WORTMAN AVE,2014-09-10,2014-09-10,2014,,,,
1502,II,VAN SICLEN AV,NEW LOTS AVE,WORTMAN AVE,2014-09-10,2014-09-10,2014,,,,
1506,III,VANDALIA AVENUE,VAN SICLEN AVE,BETHEL LOOP,2014-09-10,2014-09-10,2014,,,,
1507,III,VANDALIA AVENUE,VAN SICLEN AVE,BETHEL LOOP,2014-09-10,2014-09-10,2014,,,,
1508,II,VANDALIA AVENUE,VAN SICLEN AVE,BETHEL LOOP,2014-09-10,2014-09-10,2014,,,,
1550,III,10 STREET,Vernon Blvd,44 DR,2014-07-01,2014-07-01,2014,,,,
1556,II,11 PLACE,49 Ave,50 Ave,2014-06-06,2014-06-06,2014,,,,
1557,III,11 ST,50 AV,JACKSON AVE,2014-06-06,2014-06-06,2014,,,,
1558,II,11 ST,50 AV,49 AV,2014-06-06,2014-06-06,2014,,,,
1654,III,47 AVENUE,SKILLMAN AVENUE,51 Street,2014-06-02,2014-06-02,2014,,,,
1660,III,49 AV,11 ST,11 PL,2014-04-24,2014-04-24,2014,,,,
1662,II,49 AV,SKILLMAN AV,11 PL,2014-04-24,2014-04-24,2014,,,,
1663,II,49 AV,SKILLMAN AV,11 PL,2014-04-24,2014-04-24,2014,,,,
1664,III,50 AV,2 ST,JACKSON AVE,2014-06-06,2014-06-06,2014,,,,
1666,III,50 AV,JACKSON AVE,11 PL,2014-06-06,2014-06-06,2014,,,,
1667,III,50 AV,JACKSON AVE,11 PL,2014-06-06,2014-06-06,2014,,,,
1668,III,50 AV,VERNON BLVD,VERNON BLVD,2008-07-01,2014-06-06,2014,,,,
1671,II,51 AV,VERNON BLVD,2 ST,2014-04-24,2014-04-24,2014,,,,
1686,III,65 PLACE,COOPER AVE,MYRTLE AVE,2014-11-10,2014-11-10,2014,,,,
1689,II,69 AV,ONDERDONK AVE,FRESH POND RD,2014-08-22,2014-08-22,2014,,,,
1748,III,BEACH 169 ST,STATE RD,BEACH 169 ST GREENWAY,2014-08-15,2014-08-15,2014,,,,
1777,I,BOARDWALK,BEACH 126 St,BEACH 39 ST,1970-01-01,2014-01-01,2014,,,,
1788,III,BROADWAY,NORTHERN BLVD,65 ST,2014-09-22,2014-09-22,2014,,,,
1790,II,CATALPA AVE,60 LN,WOODWARD AVE,2014-08-22,2014-08-22,2014,,,,
1791,III,CATALPA AVE,FRESH POND RD,60 LN,2014-09-05,2014-09-05,2014,,,,
1834,III,CYPRESS HILLS ST,MYRTLE AVE,COOPER AVE,2014-11-10,2014-11-10,2014,,,,
1844,III,FLUSHING AVENUE,WOODWARD AVE,ONDERDONK AVE,2014-09-05,2014-09-05,2014,,,,
1854,III,FRESH POND ROAD,MYRTLE AVE,CATALPA AVE,2014-09-05,2014-09-05,2014,,,,
1914,III,MYRTLE AV,FRESH POND RD,65 PL,2014-09-05,2014-09-05,2014,,,,
1921,II,ONDERDONK AVENUE,FLUSHING AVE,69 AVE,2014-08-21,2014-08-21,2014,,,,
1976,III,SKILLMAN AV,QUEENS BLVD,49 AV,2014-12-05,2014-12-05,2014,,,,
2016,II,WOODWARD AVE,CATALPA AVE,FLUSHING AVE,2014-08-21,2014-08-21,2014,,,,
2199,II,COLGATE AV,LAFAYETTE AV,STORY AV,2014-07-01,2014-07-01,2014,,,,
2200,III,STORY AV,COLGATE AV,BRONX RIVER AV,2014-07-01,2014-07-01,2014,,,,
2202,I,HUTCHINSON RIVER GREENWAY EXTENSION,BAY PLAZA,HUTCHINSON RIVER GREENWAY,2014-10-01,2014-10-01,2014,,,,
2213,III,MORNINGSIDE DR,W 116 ST,W 124 ST,2014-07-01,2014-07-01,2014,,,,
2220,III,COLLEGE POINT BLVD,SANFORD AVE,36 RD,2014-06-30,2014-06-30,2014,,,,
2379,II,SANDS ST,JAY ST,PEARL ST,2014-07-01,2014-07-01,2014,,,,
2380,III,SANDS ST,PEARL ST,ADAMS ST,2014-07-01,2014-07-01,2014,,,,
2381,III,ADAMS ST,SANDS ST,PROSPECT ST,2014-07-01,2014-07-01,2014,,,,
2390,III,METROTECH RD,JAY ST,DUFFIELD ST,2014-01-02,2014-01-02,2014,,,,
2391,III,DUFFIELD ST,METROTECH RD,MYRTLE AVE,2014-01-02,2014-01-02,2014,,,,
2392,III,MYRTLE AVE,FLATBUSH AVE,DUFFIELD ST,1992-01-01,2014-01-02,2014,,,,
2393,III,MYRTLE AVE,DUFFIELD ST,FLATBUSH AVE,1992-01-01,2014-01-02,2014,,,,
2414,II,79 ST SOUTH ACCESS RAMP,W 79 ST,HUDSON RIVER GREENWAY 79TH ST LINK,2014-11-22,2014-11-22,2014,,,,
2416,II,79 ST NORTH ACCESS RAMP,W 79 ST,HUDSON RIVER GREENWAY 79TH ST LINK,2014-11-22,2014-11-22,2014,,,,
2480,II,PAERDEGAT AVENUE NORTH,PAERDEGAT 1 ST,E 76 ST,2014-06-24,2014-06-24,2014,,,,
2481,II,E 76 ST,PAERDEGAT AVENUE NORTH,FLATLANDS AVE,2014-06-24,2014-06-24,2014,,,,
2639,III,11 St,JACKSON AV,47 AV,2014-04-21,2014-04-21,2014,,,,
2641,III,11 St,45 Av,44 Dr,2014-04-21,2014-04-21,2014,,,,
2644,III,11 St,JACKSON AV,47 AV,2014-04-21,2014-04-21,2014,,,,
16,I,1 AV,E 59 ST,E 60 ST,2013-11-06,2013-11-06,2013,,,,
17,I,1 AV,E 60 ST,E 61 ST,2013-11-06,2013-11-06,2013,,,,
19,I,1 AV,E 72 ST,E 96 ST,1981-01-01,2013-10-10,2013,,,,
21,I,1 AV,E 96 ST,E 124 ST,1981-01-01,2013-10-18,2013,,,,
31,I,2 AV,E 23 ST,E 14 ST,2010-10-01,2013-11-07,2013,,,,
73,III,ADAM C POWELL BLVD,W 118 ST,W 133 ST,2013-05-31,2013-05-31,2013,,,,
74,III,ADAM C POWELL BLVD,W 118 ST,W 133 ST,2013-05-31,2013-05-31,2013,,,,
87,I,ANDES ROAD,BARRY RD,HAY RD,2013-10-25,2013-10-25,2013,,,,
103,I,BARRY ROAD,ANDES RD,CARDER RD,2013-10-25,2013-10-25,2013,,,,
104,I,BARRY ROAD,EVANS RD,ANDES RD,2013-10-25,2013-10-25,2013,,,,
127,II,BROADWAY,W 42 ST,W 35 ST,1978-07-01,2013-04-23,2013,,,,
130,II,BROOME ST,6 AVE,VARICK ST,2013-11-26,2013-11-26,2013,,,,
131,III,BROOME ST,THOMPSON ST,6 AVE,2013-11-26,2013-11-26,2013,,,,
132,II,BROOME ST,W BROADWAY,THOMPSON ST,2013-11-26,2013-11-26,2013,,,,
165,II,CABRINI BOULEVARD,W 177 STREET,W 178 STREET,2013-10-21,2013-10-21,2013,,,,
206,I,CLAYTON ROAD,CRAIG RD N,KIMMEL RD,2013-10-25,2013-10-25,2013,,,,
211,I,COLUMBUS AV,CATHEDRAL PKWY,W 96 ST,2013-09-25,2013-09-25,2013,,,,
213,I,COLUMBUS AV,W 77 ST,W 69 ST,2013-09-25,2013-09-25,2013,,,,
219,I,COMFORT ROAD,HAY RD,EVANS RD,2013-10-25,2013-10-25,2013,,,,
249,II,E 2 ST,2 AV,1 AV,2013-04-11,2013-04-11,2013,,,,
301,II,E 59 ST,2 AV,QBB on-ramp,2013-11-06,2013-11-06,2013,,,,
302,III,E 59 ST,QBB on-ramp,1 AV,2013-11-06,2013-11-06,2013,,,,
316,III,E HOUSTON ST,COLUMBIA ST,LILLIAN WALD DR,2013-07-01,2013-07-01,2013,,,,
317,II,E HOUSTON ST,FDR DR,NORFOLK ST,2013-07-01,2013-07-01,2013,,,,
318,II,E HOUSTON ST,LILLIAN WALD DR,FDR DR,2013-07-01,2013-07-01,2013,,,,
319,II,E HOUSTON ST,NORFOLK ST,COLUMBIA ST,2013-07-01,2013-07-01,2013,,,,
322,III,EAST 15 STREET,UNION SQ W,5 AV,2013-09-25,2013-09-25,2013,,,,
323,III,EAST 16 STREET,5 AVE,UNION SQ W,2013-09-25,2013-09-25,2013,,,,
330,I,EAST RIVER ESPLANADE,BROAD ST,WHITEHALL ST,2013-11-13,2013-11-13,2013,,,,
339,I,EAST RIVER ESPLANADE,OLD SLIP,WHITEHALL ST,2003-08-01,2013-09-15,2013,,,,
343,I,EVANS ROAD,KIMMEL RD,ANDES RD,2013-10-25,2013-10-25,2013,,,,
353,I,FERRY LINE ROAD,ANDES RD,CARDER RD,2013-10-25,2013-10-25,2013,,,,
370,I,GOVERNORS ISLAND GREENWAY,GOVERNORS ISLAND GREENWAY,GOVERNORS ISLAND GREENWAY,2013-10-25,2013-10-25,2013,,,,
393,I,HAY ROAD,CRAIG RD N,CLAYTON RD,2013-10-25,2013-10-25,2013,,,,
409,III,LA GUARDIA PL,W HOUSTON ST,W 3 ST,2013-11-26,2013-11-26,2013,,,,
410,II,LA GUARDIA PL,WASHINGTON SQ S,W 3 ST,2013-11-26,2013-11-26,2013,,,,
419,III,MADISON AVE,E 120 ST,E 124 ST,2013-09-13,2013-09-13,2013,,,,
435,I,OWASCO ROAD,DIV RD,COMFORT RD,2013-10-25,2013-10-25,2013,,,,
448,I,RANDALLS ISLAND GREENWAY,BX SHORE RD,HARLEM RIVER PATHWAY,2013-11-14,2013-11-14,2013,,,,
506,II,VARICK ST,BEACH ST,W BROADWAY,2013-11-26,2013-11-26,2013,,,,
507,III,VARICK ST,BROOME ST,BEACH ST,2013-11-26,2013-11-26,2013,,,,
559,II,W 39 ST,8 AV,9 AV,2013-04-09,2013-04-09,2013,,,,
562,III,W 40 ST,9 AV,8 AV,2013-04-09,2013-04-09,2013,,,,
564,III,W 43 ST,10TH AV,AMTRAK RR,2013-04-09,2013-04-09,2013,,,,
567,II,W 43 ST,8TH AV,10TH AV,2013-04-09,2013-04-09,2013,,,,
568,II,W 43 ST,AMTRAK RR,JOE DIMAGGIO HWY,2013-04-09,2013-04-09,2013,,,,
570,III,W 44 ST,8TH AV,9TH AV,2013-04-11,2013-04-11,2013,,,,
572,II,W 44 ST,JOE DIMAGGIO HWY,9 AV,2013-04-11,2013-04-11,2013,,,,
578,II,W 54 ST,11 AV,midblock bet 9 AND 8 AV,2013-04-08,2013-04-08,2013,,,,
579,III,W 54 ST,12 AV,11 AV,2013-04-08,2013-04-08,2013,,,,
585,II,W 55 ST,9 AV,12 AV,2013-04-08,2013-04-08,2013,,,,
598,III,W BROADWAY,6 AVE,GRAND ST,2013-11-26,2013-11-26,2013,,,,
600,II,W BROADWAY,CHAMBERS ST,WARREN ST,2013-11-26,2013-11-26,2013,,,,
601,III,W BROADWAY,GRAND ST,HOUSTON ST,2013-11-26,2013-11-26,2013,,,,
602,II,W BROADWAY,READE ST,CHAMBERS ST,2013-11-26,2013-11-26,2013,,,,
620,III,WEST 15 STREET,5 AV,6 AV,2013-09-25,2013-09-25,2013,,,,
621,II,WEST 15 STREET,6 AV,9 AV,2013-09-25,2013-09-25,2013,,,,
622,III,WEST 15 STREET,9 AV,WEST ST/11 AV,2013-09-25,2013-09-25,2013,,,,
623,II,WEST 16 STREET,10 AV,6 AV,2013-09-25,2013-09-25,2013,,,,
624,III,WEST 16 STREET,6 AVE,5 AVE,2013-09-25,2013-09-25,2013,,,,
626,III,WEST 16 STREET,WEST ST/11 AV,10 AV,2013-09-25,2013-09-25,2013,,,,
627,II,WEST 177 STREET,CABRINI BLVD,HAVEN AVE,2013-10-21,2013-10-21,2013,,,,
628,II,WEST 177 STREET,FT WASHINGTON AVE,CABRINI BLVD,2013-10-21,2013-10-21,2013,,,,
638,I,WHEELER AVENUE,HAY RD,DIV RD,2013-10-25,2013-10-25,2013,,,,
665,I,BRONX RIVER GREENWAY,ALLERTON AV,PELHAM PKWY GREENWAY,1979-05-01,2013-10-25,2013,,,,
667,I,BRONX RIVER GREENWAY,E 180 ST,PELHAM PKWY GREENWAY,2013-10-25,2013-10-25,2013,,,,
672,I,BRONX RIVER GREENWAY,SHERIDAN EXPWY SR,E 177 ST,2013-10-15,2013-10-15,2013,,,,
674,I,BRONX RIVER GREENWAY,WHITE PLAINS RD,BRONX RIVER GREENWAY,2013-10-25,2013-10-25,2013,,,,
675,III,BRONXWOOD AVENUE,BOSTON RD,BURKE AVE,2013-09-25,2013-09-25,2013,,,,
677,I,BRUCKNER BLVD,BRYANT AV,LONGFELLOW AV,2013-09-19,2013-09-19,2013,,,,
678,I,BRUCKNER BLVD,LONGFELLOW AV,CONCRETE PLANT PARK GREENWAY,2013-09-19,2013-09-19,2013,,,,
690,II,CO-OP CITY BOULEVARD,BARTOW AVE,DREISER LOOP,2013-07-30,2013-07-30,2013,,,,
692,II,CROTONA AV,CROTONA PK N,E 176 ST,2013-07-16,2013-07-16,2013,,,,
694,III,CROTONA AV,E 176 ST,E FORDHAM RD,2013-07-16,2013-07-16,2013,,,,
703,III,E 132 ST,RANDALLS ISLAND CONNECTOR,WALNUT AV,2013-11-07,2013-11-07,2013,,,,
706,II,E 138 ST,3 AV,BRUCKNER BLVD,2013-11-07,2013-11-07,2013,,,,
707,II,E 138 ST,WILLOW AVE,LOCUST AVE,2013-11-07,2013-11-07,2013,,,,
712,III,E 163 ST,HOE AV,SOUTHERN BLVD,2013-09-19,2013-09-19,2013,,,,
737,III,EAST 145 STREET,JACKSON AVE,SOUTHERN BLVD,2013-11-07,2013-11-07,2013,,,,
739,II,EAST 222 STREET,BRONX BLVD,WHITE PLAINS RD,2013-07-12,2013-07-12,2013,,,,
740,II,EAST 222 STREET,WHITE PLAINS RD,BAYCHESTER AVE,2013-07-12,2013-07-12,2013,,,,
761,I,GRAND CONCOURSE,EAST MOSHOLU PKWY SOUTH,MOSHOLU PKWY GREENWAY,2013-09-05,2013-09-05,2013,,,,
762,I,GRAND CONCOURSE,VAN COURTLAND AVE,E MOSHULU PARKWAY SOUTH,2013-09-25,2013-09-25,2013,,,,
769,I,HUTCHINSON RIVER GREENWAY,BRUCKNER EP GREENWAY,SHORE RD GREENWAY,2013-10-31,2013-10-31,2013,,,,
770,I,HUTCHINSON RIVER GREENWAY,BRUCKNER EP GREENWAY,SHORE RD GREENWAY,2013-10-31,2013-10-31,2013,,,,
773,III,JACKSON AVENUE,E 138 ST,E 145 ST,2013-11-07,2013-11-07,2013,,,,
775,II,JEROME AVENUE,VAN COURTLAND AVE,W 205 STREET,2013-09-25,2013-09-25,2013,,,,
825,III,SHERIDAN EXPRESSWAY SR,WESTCHESTER AVE,STARLIGHT PARK,2013-09-06,2013-09-06,2013,,,,
826,III,SHERIDAN EXPRESSWAY SR,WESTCHESTER AVE,STARLIGHT PARK,2013-09-06,2013-09-06,2013,,,,
827,III,SHERIDAN EXPRESSWAY SR,WESTCHESTER AVE,STARLIGHT PARK,2013-09-06,2013-09-06,2013,,,,
857,II,VAN CORTLANDT AV E,ST GEORGES CRESCENT,JEROME AVE,2013-09-25,2013-09-25,2013,,,,
858,II,VAN CORTLANDT AV E,ST GEORGES CRESCENT,MOSHULU PKWY GREENWAY,2013-09-25,2013-09-25,2013,,,,
859,I,VAN CORTLANDT AV E,ST GEORGES CRESCENT,MOSHULU PKWY GREENWAY,2013-09-25,2013-09-25,2013,,,,
860,II,VAN CORTLANDT AV E,ST GEORGES CRESCENT,JEROME AVE,2013-09-25,2013-09-25,2013,,,,
877,III,WALNUT AV,E 132 ST,E 138 ST,2013-11-07,2013-11-07,2013,,,,
888,II,WEST 205 STREET,JEROME AVE,PAUL AVE,2013-09-25,2013-09-25,2013,,,,
889,II,WESTCHESTER AV,BRYANT AV,BRONX RIVER GREENWAY,2013-09-06,2013-09-06,2013,,,,
890,II,WESTCHESTER AV,BRYANT AV,BRONX RIVER GREENWAY,2013-09-06,2013-09-06,2013,,,,
891,III,WESTCHESTER AV BR,BRONX RIVER GREENWAY,BRONX RIVER AV,2013-09-06,2013-09-06,2013,,,,
907,II,14 ST,3 AV,PROSPECT PARK W,2013-04-22,2013-04-22,2013,,,,
908,II,15 ST,8 AV,3 AV,2013-04-22,2013-04-22,2013,,,,
910,III,15 ST,PROSPECT PARK W,8 AV,2013-04-22,2013-04-22,2013,,,,
927,III,4 AVENUE,16 ST,PROSPECT AVE,2013-10-11,2013-10-11,2013,,,,
928,III,4 AVENUE,20 ST,40 ST,2013-10-11,2013-10-11,2013,,,,
929,III,4 AVENUE,40 ST,59 ST,2013-10-11,2013-10-11,2013,,,,
930,III,4 AVENUE,59 ST,60 ST,2013-10-11,2013-10-11,2013,,,,
932,III,4 AVENUE,65 ST,64 ST,2013-10-11,2013-10-11,2013,,,,
933,III,4 AVENUE,ATLANTIC AVE,PACIFIC ST,2013-10-11,2013-10-11,2013,,,,
934,III,4 AVENUE,CARROLL ST,16 ST,2013-10-11,2013-10-11,2013,,,,
935,III,4 AVENUE,PACIFIC ST,CARROLL ST,2013-10-11,2013-10-11,2013,,,,
936,III,4 AVENUE,PROSPECT AVE,20 ST,2013-10-11,2013-10-11,2013,,,,
942,III,5 AV,23 ST,50 ST,2013-07-02,2013-07-02,2013,,,,
1100,I,CONOVER ST,PIONEER ST,SULLIVAN ST,2013-09-25,2013-09-25,2013,,,,
1101,II,CONOVER ST,PIONEER ST,SULLIVAN ST,2013-09-25,2013-09-25,2013,,,,
1121,III,DE GRAW ST,3 AVE,NEVINS STREET,2013-09-25,2013-09-25,2013,,,,
1197,II,GARNET STREET,HAMILTON AVE,SMITH ST,2013-11-19,2013-11-19,2013,,,,
1217,III,HENDRIX STREET,LIBERTY AV,NEW LOTS AV,2013-11-13,2013-11-13,2013,,,,
1236,I,IMLAY ST,SUMMIT ST,VERONA ST,2013-09-25,2013-09-25,2013,,,,
1237,I,IMLAY STREET,VERONA STREET,PIONEER STREET,2013-09-25,2013-09-25,2013,,,,
1255,II,KING ST,CONOVER ST,FERRIS ST,2013-09-25,2013-09-25,2013,,,,
1263,I,LEGION ST,PITKIN AV,E NEW YORK AV,2009-10-01,2013-06-14,2013,,,,
1287,III,MILL STREET,CLINTON ST,HAMILTON AVE,2013-11-19,2013-11-19,2013,,,,
1296,III,MOTHER GASTON BOULEVARD,LIBERTY AV,LINDEN BLVD,2013-06-07,2013-06-07,2013,,,,
1297,II,MOTHER GASTON BOULEVARD,LIBERTY AV,LINDEN BLVD,2013-06-07,2013-06-07,2013,,,,
1321,III,NEVINS ST,DEGRAW STREET,UNION STREET,2013-09-25,2013-09-25,2013,,,,
1322,III,NEW LOTS AVE,HEGEMAN AV,ATKINS AVENUE,2013-11-13,2013-11-13,2013,,,,
1325,III,OCEAN AVENUE,PARKSIDE AV,AVENUE H,2013-06-28,2013-06-28,2013,,,,
1374,III,PENNSYLVANIA AVENUE,FLATLANDS AVE,SEAVIEW AVE,2013-10-20,2013-10-20,2013,,,,
1376,I,PIONEER STREET,IMLAY STREET,CONOVER STREET,2013-09-25,2013-09-25,2013,,,,
1380,III,PITKIN AVENUE,LEGION ST,POWELL ST,2013-06-14,2013-06-14,2013,,,,
1396,III,PROSPECT PARK W,PROSPECT PARK W,15 ST,2013-04-22,2013-04-22,2013,,,,
1398,III,PROSPECT STREET,ADAMS ST,PEARL ST,2013-10-25,2013-10-25,2013,,,,
1399,I,PROSPECT STREET,WASHINGTON ST,ADAMS ST,2013-10-25,2013-10-25,2013,,,,
1424,II,SACKETT STREET,BOND ST,VAN BRUNT ST,2013-09-25,2013-09-25,2013,,,,
1434,III,SCHENCK AVENUE,NEW LOTS AV,LIBERTY AV,2013-11-13,2013-11-13,2013,,,,
1466,II,SULLIVAN STREET,CONOVER STREET,FERRIS STREET,2013-09-25,2013-09-25,2013,,,,
1467,I,SUMMIT ST,VAN BRUNT ST,IMLAY ST,2013-09-25,2013-09-25,2013,,,,
1488,III,UNION ST,HICKS ST,HENRY ST,2013-09-25,2013-09-25,2013,,,,
1489,II,UNION ST,VAN BRUNT ST,HICKS ST,2013-09-25,2013-09-25,2013,,,,
1490,II,UNION ST BR,BOND ST,NEVINS ST,1980-07-01,2013-09-25,2013,,,,
1495,I,VAN BRUNT ST,SACKETT ST,DEGRAW ST,2013-11-05,2013-11-05,2013,,,,
1497,I,VAN BRUNT ST,SUMMIT ST,UNION ST,2013-11-05,2013-11-05,2013,,,,
1505,II,VANDALIA AVENUE,PENNSYLVANIA AVE,BETHEL LOOP,2013-11-13,2013-11-13,2013,,,,
1597,I,2 ST,50 AV,BORDEN AVENUE,2013-10-15,2013-10-15,2013,,,,
1628,II,34 AV,midblock bet 113 ST and 114 ST,114 ST,1997-04-01,2013-11-12,2013,,,,
1630,I,34 AVE,E side of median,NW side of median,2013-11-12,2013-11-12,2013,,,,
1631,II,34 AVE,W side of 114 ST,E side of 114 ST,2013-11-12,2013-11-12,2013,,,,
1638,III,37 RD,75 ST,74 ST,2011-10-01,2013-05-01,2013,,,,
1669,II,50 AVENUE,LIC GREENWAY,2 ST,2013-10-15,2013-10-15,2013,,,,
1672,II,51 AVENUE,2 ST,LIC GREENWAY,2013-10-15,2013-10-15,2013,,,,
1696,II,69 RD,VAN WYCK EXPWY,113 PL,1979-07-01,2013-04-05,2013,,,,
1697,II,69 RD,VAN WYCK EXPWY,113 PL,2013-04-05,2013-04-05,2013,,,,
1700,III,73 PLACE,73 PLACE,COOPER AVE,2013-11-15,2013-11-15,2013,,,,
1783,III,BORDEN AVENUE,2 ST,LIC GREENWAY,2013-10-15,2013-10-15,2013,,,,
1810,I,COOPER AVENUE,73 PLACE,78 STREET,2013-11-15,2013-11-15,2013,,,,
1811,III,COOPER AVENUE,73 PLACE,78 STREET,2013-11-15,2013-11-15,2013,,,,
1812,I,COOPER AVENUE,78 ST,79 PLACE,2013-11-15,2013-11-15,2013,,,,
1813,III,COOPER AVENUE,79 PLACE,VALENTINE PLACE,2013-11-15,2013-11-15,2013,,,,
1814,III,COOPER AVENUE,VALENTINE PLACE,80 ST,2013-11-15,2013-11-15,2013,,,,
1872,II,JEWEL AV,113 PL,VAN WYCK EXPWY,2013-04-05,2013-04-05,2013,,,,
1873,II,JEWEL AV,113 PL,VAN WYCK EXPWY,2013-04-05,2013-04-05,2013,,,,
1892,III,LEFFERTS BLVD,ROCKAWAY BLVD,135 AV,2013-10-21,2013-10-21,2013,,,,
1893,I,LIC GREENWAY,54 AV,50 AV,2013-10-15,2013-10-15,2013,,,,
1989,II,UTOPIA PKWY,25 AV,26 AV,2013-07-01,2013-07-01,2013,,,,
1990,II,UTOPIA PKWY,25 AV,26 AV,2013-07-01,2013-07-01,2013,,,,
1995,II,VAN DAM ST,REVIEW AV,STARR AV,2013-09-01,2013-09-01,2013,,,,
2003,III,VERNON BLVD,34 AV,33 RD,2008-07-31,2013-11-20,2013,,,,
2007,II,VERNON BLVD,Queens Plaza South,QUEENSBRIDGE PARK GREENWAY,2008-07-01,2013-10-10,2013,,,,
2032,I,F D R BOARDWALK,FDR BOARDWALK,NEW DORP LA,2013-10-15,2013-10-15,2013,,,,
2070,I,NEW DORP BEACH GREENWAY,OAKWOOD BEACH GREENWAY,NEW DORP LA,2013-10-15,2013-10-15,2013,,,,
2098,I,SOUTH BEACH GREENWAY,MILLER FIELD,USS N CAROLINA RD,2006-04-01,2013-10-15,2013,,,,
2360,II,CO-OP CITY BOULEVARD,DREISER LOOP,BARTOW AVE,2013-07-30,2013-07-30,2013,,,,
2361,II,CO-OP CITY BOULEVARD,BAYCHESTER AVE,DREISER LOOP,2013-07-30,2013-07-30,2013,,,,
2611,I,34 AVE CITI FIELD LINK,34 AVE,GRAND CENTRAL PKWY SR E,2013-11-12,2013-11-12,2013,,,,
2612,I,34 AVE CITI FIELD LINK,GRAND CENTRAL PKWY SR E,BOAT BASIN PL,2013-11-12,2013-11-12,2013,,,,
18,I,1 AV,E 72 ST,E 61 ST,2012-06-11,2012-06-11,2012,,,,
27,I,2 AV,E 125 ST,E 104 ST,2012-10-26,2012-10-26,2012,,,,
54,I,8 AV,BANK ST,W 39 ST,2006-04-01,2012-07-06,2012,,,,
58,I,8 AV,W 43 ST,W 56 ST,2006-04-01,2012-07-06,2012,,,,
59,II,8 AV,W 56 ST,W 57 ST,2006-04-01,2012-07-06,2012,,,,
60,III,8 AV,W 57 ST,W 58 ST,2006-04-01,2012-07-06,2012,,,,
61,II,8 AV,W 58 ST,COLUMBUS CIR,2006-04-01,2012-07-06,2012,,,,
68,II,9 AV,W 33 ST,W 31 ST,2010-03-01,2012-10-05,2012,,,,
69,I,9 AV,W 59 ST,W 33 ST,2012-10-05,2012-10-05,2012,,,,
75,III,ADAM C POWELL BLVD,W 133 ST,W 150 ST,2012-11-06,2012-11-06,2012,,,,
76,III,ADAM C POWELL BLVD,W 133 ST,W 150 ST,2012-11-06,2012-11-06,2012,,,,
139,III,C P E 72 APPR,EAST DR,C P E 72 APPR,1979-05-01,2012-07-09,2012,,,,
140,II,C P E 72 APPR,EAST DR,EAST DR,1979-05-01,2012-07-09,2012,,,,
156,II,C P W 72 APPR,CENTRAL PARK W,CPW W 72 St APPROACH,2012-07-09,2012-07-09,2012,,,,
159,II,C P W 72 APPR,CPW W72 APPROACH,CPW W72 APPROACH,2012-07-09,2012-07-09,2012,,,,
160,II,C P W 72 APPR,WEST DR,CPW W72 APPROACH,2012-07-09,2012-07-09,2012,,,,
173,II,CENTER DR,WEST DR,EAST DR,1979-05-01,2012-09-15,2012,,,,
209,I,CLINTON ST,GRAND ST,DELANCEY ST,2006-10-01,2012-09-01,2012,,,,
210,I,CLINTON ST,GRAND ST,DELANCEY ST,2008-04-01,2012-09-01,2012,,,,
262,II,E 30 ST,2 AV,1 AV,2012-07-03,2012-07-03,2012,,,,
263,III,E 30 ST,3 AV,2 AV,2012-07-03,2012-07-03,2012,,,,
264,II,E 30 ST,6 AV,MADISON AV,2012-06-01,2012-06-01,2012,,,,
265,III,E 30 ST,MADISON AV,PARK AV,2012-07-03,2012-07-03,2012,,,,
266,II,E 30 ST,PARK AV,3 AV,2012-07-03,2012-07-03,2012,,,,
276,II,E 39 ST,1 AV,2 AV,2012-09-12,2012-09-12,2012,,,,
277,II,E 39 ST,11 AV,1 AV,2012-09-12,2012-09-12,2012,,,,
278,III,E 39 ST,2 AV,3 AV,2012-09-12,2012-09-12,2012,,,,
279,III,E 39 ST,LEXINGTON AV,5 AV,2012-09-12,2012-09-12,2012,,,,
280,II,E 40 ST,2 AV,1 AV,2012-09-21,2012-09-21,2012,,,,
281,II,E 40 ST,5 AV,MADISON AV,2012-09-21,2012-09-21,2012,,,,
282,III,E 40 ST,LEXINGTON AV,2 AV,2012-09-21,2012-09-21,2012,,,,
283,III,E 40 ST,MADISON AV,PARK AV,2012-09-21,2012-09-21,2012,,,,
284,II,E 40 ST,PARK AV,LEXINGTON AV,2012-09-21,2012-09-21,2012,,,,
285,II,E 43 ST,VANDERBILT AV,5 AV,2012-09-12,2012-09-12,2012,,,,
286,II,E 44 ST,5 AV,VANDERBILT AV,2012-09-21,2012-09-21,2012,,,,
287,III,E 48 ST,2 AV,1 AV,2012-09-21,2012-09-21,2012,,,,
288,II,E 48 ST,5 AV,MADISON AV,2012-09-21,2012-09-21,2012,,,,
289,II,E 48 ST,LEXINGTON AV,2 AV,2012-09-21,2012-09-21,2012,,,,
290,III,E 48 ST,MADISON AV,LEXINGTON AV,2012-09-21,2012-09-21,2012,,,,
291,III,E 51 ST,5 AV,1 AV,2012-09-21,2012-09-21,2012,,,,
293,II,E 54 ST,2 AV,1 AV,2012-09-12,2012-09-12,2012,,,,
294,II,E 54 ST,5 AV,MADISON AV,2012-09-12,2012-09-12,2012,,,,
295,III,E 54 ST,MADISON AV,2 AV,2012-09-12,2012-09-12,2012,,,,
296,II,E 55 ST,2 AV,LEXINGTON AV,2012-09-12,2012-09-12,2012,,,,
297,III,E 55 ST,LEXINGTON AV,PARK AV,2012-09-12,2012-09-12,2012,,,,
298,II,E 55 ST,PARK AV,5 AV,2012-09-12,2012-09-12,2012,,,,
329,II,EAST DR,CPE 72 APPR,TER DR,1979-05-01,2012-07-09,2012,,,,
450,I,RANDALLS ISLAND GREENWAY,RANDALLS ISLAND GREENWAY,WARDS ISLAND GREENWAY,2012-06-01,2012-06-01,2012,,,,
455,III,RIVERSIDE DR,W 181 ST,W 181 ST PED OV,2012-04-01,2012-04-01,2012,,,,
485,II,ST NICHOLAS PL,W 148 ST,W 155 ST,2003-08-01,2012-11-15,2012,,,,
486,II,ST NICHOLAS PL,W 148 ST,W 155 ST,2003-08-01,2012-11-15,2012,,,,
499,II,TER DR,EAST DR,WEST DR,1979-05-01,2012-07-09,2012,,,,
537,III,W 218 ST,BROADWAY,INDIAN RD,2003-06-01,2012-12-01,2012,,,,
550,III,W 30 ST,11 AV,10 AV,2012-07-13,2012-07-13,2012,,,,
551,II,W 30 ST,6 AV,MADISON AV,2012-06-01,2012-06-01,2012,,,,
552,III,W 30 ST,7 AV,6 AV,2012-06-01,2012-06-01,2012,,,,
553,II,W 30 ST,8 AV,7 AV,2012-06-01,2012-06-01,2012,,,,
558,III,W 39 ST,5 AV,8 AV,2012-09-12,2012-09-12,2012,,,,
560,II,W 40 ST,6 AV,5 AV,2012-09-21,2012-09-21,2012,,,,
561,III,W 40 ST,8 AV,6 AV,2012-09-21,2012-09-21,2012,,,,
565,II,W 43 ST,5 AV,VANDERBILT AV,2012-09-12,2012-09-12,2012,,,,
566,III,W 43 ST,6 AV,8 AV,2012-09-21,2012-09-21,2012,,,,
569,III,W 44 ST,8 AV,BROADWAY,2012-09-21,2012-09-21,2012,,,,
571,II,W 44 ST,BROADWAY,5 AV,2012-09-21,2012-09-21,2012,,,,
573,II,W 48 ST,6 AV,5 AV,2012-09-21,2012-09-21,2012,,,,
574,III,W 48 ST,8 AV,6 AV,2012-09-21,2012-09-21,2012,,,,
575,III,W 48 ST,8 AV,6 AV,1978-07-01,2012-09-21,2012,,,,
576,III,W 51 ST,BROADWAY,8 AV,2012-09-21,2012-09-21,2012,,,,
577,II,W 51 ST,BROADWAY,5 AV,2012-09-21,2012-09-21,2012,,,,
580,III,W 54 ST,6 AV,5 AV,2012-09-12,2012-09-12,2012,,,,
581,II,W 54 ST,7 AV,6 AV,2012-09-12,2012-09-12,2012,,,,
582,III,W 54 ST,8 AV,7 AV,2012-09-12,2012-09-12,2012,,,,
584,II,W 55 ST,5 AV,8 AV,2012-09-12,2012-09-12,2012,,,,
630,II,WEST DR,TERRACE DR,CENTRAL PARK S,1979-05-01,2012-09-15,2012,,,,
632,II,WEST DR,TER DIR,C P W 72 APPR,1979-05-01,2012-07-09,2012,,,,
633,II,WEST DR,TER DIR,C P W 72 APPR,1979-05-01,2012-07-09,2012,,,,
663,I,BROADWAY,VAN CORTLANDT PARK SERVICE RD,LAKEVIEW PL,2012-11-01,2012-11-01,2012,,,,
735,III,E 233 ST,WICKHAM AV,BAYCHESTER AV,2012-08-13,2012-08-13,2012,,,,
748,III,FREEMAN ST,REV JAMES POLITE AV,SOUTHERN BLVD,2012-06-05,2012-06-05,2012,,,,
771,III,INTERVALE AV,LOUIS NINE BLVD,FREEMAN ST,2012-06-05,2012-06-05,2012,,,,
790,III,LOUIS NINE BLVD,BOSTON RD,SOUTHERN BLVD,2012-06-15,2012-06-15,2012,,,,
895,III,WILKINS AV,CROTONA PARK E,BOSTON RD,2012-06-15,2012-06-15,2012,,,,
980,III,ASHLAND PL,DEKALB AV,HANSON PL,2012-10-03,2012-10-03,2012,,,,
987,III,BALTIC ST,HOYT ST,BOND ST,2012-12-15,2012-12-15,2012,,,,
1050,II,CARLTON AV,PACIFIC ST,ATLANTIC AV,2007-05-01,2012-09-16,2012,,,,
1054,I,CENTER DR,PP GAP ENTRANCE,W LAKE DR,1980-07-01,2012-06-20,2012,,,,
1259,II,LAFAYETTE AV,FT GREENE PL,FULTON ST,2012-10-10,2012-10-10,2012,,,,
1261,II,LAFAYETTE AV,ST FELIX ST,FT GREENE PL,2009-09-01,2012-10-10,2012,,,,
1334,II,OLD FULTON ST,FURMAN ST,FRONT ST,2009-12-09,2012-08-29,2012,,,,
1335,II,OLD FULTON ST,FURMAN ST,FRONT ST,2009-12-09,2012-08-29,2012,,,,
1355,I,P P OCEAN AV APPR,E LAKE DR,OCEAN AV,1980-07-01,2012-06-25,2012,,,,
1370,III,PARKSIDE AV,PARK CIR,OCEAN AV,2012-07-16,2012-07-16,2012,,,,
1371,III,PARKSIDE AV,PARK CIR,OCEAN AV,2012-07-16,2012-07-16,2012,,,,
1381,II,PLAZA ST E,EASTERN PKWY,FLATBUSH AV,2004-11-01,2012-08-04,2012,,,,
1388,II,PLAZA ST W,UNION ST,ST JOHN'S PL,2004-11-01,2012-08-04,2012,,,,
1390,III,PROSPECT PARK SW,PARK CIR,WINDSOR PL,2012-04-17,2012-04-17,2012,,,,
1391,III,PROSPECT PARK SW,WINDSOR PL,PROSPECT PARK W,2012-04-17,2012-04-17,2012,,,,
1395,I,PROSPECT PARK W,PROSPECT PARK SW,PLAZA ST W,2010-06-01,2012-12-13,2012,,,,
1521,I,W LAKE DR,PLAZA ST W,PARK CIR,1980-07-01,2012-06-20,2012,,,,
1522,I,W LAKE DR,PP GAP ENTRANCE,W LAKE DR,1980-07-01,2012-06-20,2012,,,,
1523,I,W LAKE DR,W LAKE DR,W LAKE DR,1980-07-01,2012-06-20,2012,,,,
1535,I,WEST DR,PP GAP ENTRANCE,W LAKE DR,1980-07-01,2012-06-20,2012,,,,
1536,I,WEST DR,PP GAP ENTRANCE,PP GAP EXIT,1980-07-01,2012-06-20,2012,,,,
1680,III,62 DR,110 ST,108 ST,2012-08-17,2012-08-17,2012,,,,
1682,III,62 DR,97 PL,99 ST,2012-08-13,2012-08-13,2012,,,,
1683,III,63 AV,QUEENS BLVD,AUSTIN ST,2012-08-17,2012-08-17,2012,,,,
1684,III,63 RD,QUEENS BLVD,GRND CNTRL PKWY,2012-08-17,2012-08-17,2012,,,,
1996,I,VAN WYCK EXWY EXIT NB,FLUSHING BAY PROMENADE,HARPER ST,2001-11-01,2012-09-06,2012,,,,
1997,I,VAN WYCK EXWY EXIT NB,HARPER ST,UNNAMED ST,2001-11-01,2012-09-06,2012,,,,
2033,I,F D R BOARDWALK,MIDLAND BEACH GREENWAY,OCEAN AV,1935-01-01,2012-10-29,2012,,,,
2206,III,130 PL,BERGEN RD,155 AV,2012-07-01,2012-07-01,2012,,,,
2207,III,130 PL,BERGEN RD,SOUTH SERVICE RD,2012-07-01,2012-07-01,2012,,,,
2208,III,134 ST,134 ST,BERGEN RD,2012-07-01,2012-07-01,2012,,,,
2209,III,BERGEN ST,134 ST,130 PL,2012-07-01,2012-07-01,2012,,,,
2210,III,LEFFERTS BLVD,AIR TRAIN,NASSAU EXPWY,2012-07-01,2012-07-01,2012,,,,
2218,I,WEST DR,CENTRAL PARK N,TERRACE DR,1979-05-01,2012-09-15,2012,,,,
2389,I,E 78 ST OVERPASS,CHEROKEE PL,FDR DR GREENWAY,1945-01-01,2012-01-01,2012,,,,
2646,III,BROADWAY,W 242 ST,MANHATTAN COLLEGE PARKWAY,2012-11-01,2012-11-01,2012,,,,
6,I,1 AV,E 1 ST,E 41 ST,2003-08-01,2011-07-22,2011,,,,
9,II,1 AV,E 41 ST,E 42 ST,2003-08-01,2011-07-22,2011,,,,
10,I,1 AV,E 42 ST,E 46 ST,2003-08-01,2011-07-22,2011,,,,
12,III,1 AV,E 46 ST,E 47 ST,2003-08-01,2011-07-22,2011,,,,
13,I,1 AV,E 46 ST,E 49 ST,2003-08-01,2011-07-22,2011,,,,
23,III,10 AV,DYCKMAN ST,W 204 ST,2011-08-15,2011-08-15,2011,,,,
25,III,10 AV,W 206 ST,W 216 ST,2011-08-15,2011-08-15,2011,,,,
32,III,2 AV,E 34 ST,E 43 ST,2011-07-22,2011-07-22,2011,,,,
46,III,5 AV,W 142 ST,W 132 ST,2011-04-24,2011-04-24,2011,,,,
77,II,ALBANY ST,SOUTH END AV,HUDSON RIVER GREENWAY,2011-06-01,2011-06-01,2011,,,,
176,I,CENTRAL PARK PATH,CENTRAL PARK W,5 AV,2011-12-01,2011-12-01,2011,,,,
392,III,HAVEN AV,W 181 ST,W 181 ST,2011-11-14,2011-11-14,2011,,,,
432,I,NORTH COVE,BATTERY PARK CITY GREENWAY,NORTH END AV,2011-06-01,2011-06-01,2011,,,,
433,I,NORTH COVE,LIBERTY ST,BATTERY PARK CITY GREENWAY,2011-06-01,2011-06-01,2011,,,,
434,III,NORTH END AV,BATTERY PARK CITY GREENWAY,VESEY ST,2011-06-01,2011-06-01,2011,,,,
471,II,SOUTH END AV,ALBANY ST,LIBERTY ST,2011-06-01,2011-06-01,2011,,,,
474,I,SOUTH ST,WALL ST,JOHN ST,2011-07-01,2011-07-01,2011,,,,
509,III,VESEY ST,NORTH END AV,HUDSON RIVER GREENWAY,2011-06-01,2011-06-01,2011,,,,
530,III,W 181 ST,AMSTERDAM AV,RIVERSIDE DR,2011-11-14,2011-11-14,2011,,,,
531,III,W 181 ST,AMSTERDAM AV,RIVERSIDE DR,2011-11-14,2011-11-14,2011,,,,
532,III,W 181 ST,AMSTERDAM AV,RIVERSIDE DR,2011-11-14,2011-11-14,2011,,,,
549,II,W 30 ST,11 AV,LINCOLN TUN EXIT,2011-11-15,2011-11-15,2011,,,,
554,II,W 30 ST,9 AV,8 AV,2011-11-15,2011-11-15,2011,,,,
555,III,W 30 ST,DYER AV,9AV,2011-11-15,2011-11-15,2011,,,,
557,II,W 30 ST,HUDSON RIVER GREENWAY,11 AV,2011-11-15,2011-11-15,2011,,,,
588,I,W 72 ST PED OVPS,W 72 ST,HUDSON RIVER GREENWAY,2001-04-01,2011-09-01,2011,,,,
767,II,HUNTS PT AV,GARRISON AVE,SPOFFORD AVE,2011-11-01,2011-11-01,2011,,,,
779,II,LAFAYETTE AV,HUNTS PT AV,EDGEWATER RD,2011-11-01,2011-11-01,2011,,,,
792,III,MACOMBS RD,JEROME AV,W 176 ST,2011-06-01,2011-06-01,2011,,,,
835,I,SOUNDVIEW PARK GREENWAY,LAFAYETTE AV,SOUNDVIEW PARK GREENWAY,2011-07-01,2011-07-01,2011,,,,
975,II,ADAMS ST,FULTON ST,SANDS ST,1998-06-01,2011-06-01,2011,,,,
976,II,ADAMS ST,FULTON ST,SANDS ST,1998-06-01,2011-06-01,2011,,,,
981,I,ATLANTIC AV,BROOKLYN BRIDGE PARK GREENWAY,COLUMBIA ST,2011-10-13,2011-10-13,2011,,,,
1034,I,BROOKLYN BRIDGE PARK GREENWAY,ATLANTIC AV,FURMAN ST,2011-09-01,2011-09-01,2011,,,,
1035,I,BROOKLYN BRIDGE PARK GREENWAY,NEW DOCK ST,MAIN ST,2011-09-15,2011-09-15,2011,,,,
1092,I,COLUMBIA ST,DE GRAW ST,ATLANTIC AV,2008-10-01,2011-10-13,2011,,,,
1189,II,FRONT ST,DOCK ST,OLD FULTON ST,2008-10-27,2011-12-14,2011,,,,
1190,II,FRONT ST,YORK ST,DOCK ST,2008-10-27,2011-12-14,2011,,,,
1202,I,GRAND ARMY PLZ GREENWAY,PLAZA ST W,PLAZA ST E,2011-09-01,2011-09-01,2011,,,,
1340,I,OWLS HEAD PARK GREENWAY,COLONIAL RD,68 ST,2011-05-01,2011-05-01,2011,,,,
1385,I,PLAZA ST W,GRAND ARMY PLZ GREENWAY,UNION ST,2011-09-01,2011-09-01,2011,,,,
1386,I,PLAZA ST W,GRAND ARMY PLZ GREENWAY,UNION ST,2011-09-01,2011-09-01,2011,,,,
1387,I,PLAZA ST W,PLAZA ST W,WEST DR,2011-09-01,2011-09-01,2011,,,,
1389,I,PLAZA ST W,WEST DR,PLAZA ST E,2007-09-01,2011-09-01,2011,,,,
1526,II,WASHINGTON AV,DEAN ST,STERLING PL,2011-06-01,2011-06-01,2011,,,,
1527,II,WASHINGTON AV,DEAN ST,STERLING PL,2011-06-01,2011-06-01,2011,,,,
1528,III,WASHINGTON AV,STERLING PL,EASTERN PKWY,2011-06-01,2011-06-01,2011,,,,
1529,III,WASHINGTON AV,STERLING PL,EASTERN PKWY,2011-06-01,2011-06-01,2011,,,,
1531,III,WASHINGTON ST,PLYMOUTH ST,FRONT ST,2011-12-16,2011-12-16,2011,,,,
1608,III,23 ST,44 DR,QUEENS PLAZA S,2011-10-27,2011-10-27,2011,,,,
1609,II,23 ST,QUEENS PLZ S,QUEENS PLZ N,2011-12-01,2011-12-01,2011,,,,
1637,I,37 RD,73 ST,74 ST,2011-10-01,2011-10-01,2011,,,,
1646,II,44 DR,10 ST,11 ST,2011-06-17,2011-06-17,2011,,,,
1647,II,44 DR,11 ST,21 ST,2011-06-17,2011-06-17,2011,,,,
1648,II,44 DR,21 ST,23 ST,2011-06-17,2011-06-17,2011,,,,
1650,III,44 DR,23 ST,HUNTER ST,2011-06-17,2011-06-17,2011,,,,
1651,II,44 DR,HUNTER ST,JACKSON AV,2011-06-17,2011-06-17,2011,,,,
1652,II,44 DR,VERNON BLVD,10 ST,2011-06-17,2011-06-17,2011,,,,
1653,II,44 DR,VERNON BLVD,JACKSON AV,2011-06-17,2011-06-17,2011,,,,
1701,III,73 ST,41 AV,ROOSEVELT AV,2011-10-01,2011-10-01,2011,,,,
1702,I,73 ST,ROOSEVELT AV,37 RD,2011-10-01,2011-10-01,2011,,,,
1703,III,74 ST,37 RD,34 AV,2011-10-01,2011-10-01,2011,,,,
1704,III,74 ST,BROADWAY,41AV,2011-10-01,2011-10-01,2011,,,,
1705,III,75 ST,41 AV,37 RD,2011-10-01,2011-10-01,2011,,,,
1714,II,8 ST,27 AV,MAIN AV,2011-07-31,2011-07-31,2011,,,,
1787,I,BROADWAY,37 RD,ROOSEVELT AV,2011-10-01,2011-10-01,2011,,,,
1789,I,BROADWAY,ROOSEVELT AV,74 ST,2011-10-01,2011-10-01,2011,,,,
1941,I,QUEENS BLVD,SKILLMAN AV,JACKSON AV,1900-01-01,2011-10-20,2011,,,,
2031,III,DRURY AV,OCEAN AV,FR CAPODANNO BLVD,2011-12-09,2011-12-09,2011,,,,
2036,III,FR CAPODANNO BLVD,DRURY AV,LILY POND AV,1980-07-01,2011-12-09,2011,,,,
2037,II,FR CAPODANNO BLVD,LINCOLN AV,MIDLAND AV,2011-12-09,2011-12-09,2011,,,,
2038,III,FR CAPODANNO BLVD,LINCOLN AV,MIDLAND AV,2011-12-09,2011-12-09,2011,,,,
2041,III,GUILFORD ST,LILY POND AV,OCEAN AV,2011-12-09,2011-12-09,2011,,,,
2062,III,LINCOLN AV,F D R BOARDWALK,FR CAPODANNO BLVD,2011-12-09,2011-12-09,2011,,,,
2063,III,LINCOLN AV,F D R BOARDWALK,FR CAPODANNO BLVD,2011-12-09,2011-12-09,2011,,,,
2074,III,OCEAN AV,GUILFORD ST,DRURY AV,2011-12-09,2011-12-09,2011,,,,
2088,III,SAND LA,FR CAPODANNO BLVD,SOUTH BEACH GREENWAY,2011-12-09,2011-12-09,2011,,,,
2094,I,SOUTH BEACH GREENWAY,F D R BOARDWALK,FR CAPODANNO BLVD,2011-12-09,2011-12-09,2011,,,,
2099,I,SOUTH BEACH GREENWAY CONNECTOR,F D R BOARDWALK,FR CAPODANNO BLVD,2011-12-09,2011-12-09,2011,,,,
2114,III,WASHINGTON ST,FRONT ST,YORK ST,2011-12-16,2011-12-16,2011,,,,
2395,III,NORTH END AVE,VESEY ST,NORTH COVE,2011-06-01,2011-06-01,2011,,,,
2396,III,NORTH END AVE,NORTH COVE,VESEY ST,2011-06-01,2011-06-01,2011,,,,
2439,II,1 AVE,48 ST,49 ST,2003-08-01,2011-07-22,2011,,,,
2,I,1 AV,E 1 ST,E 41 ST,2007-04-01,2010-10-01,2010,,,,
3,I,1 AV,E 1 ST,E 41 ST,2010-10-01,2010-10-01,2010,,,,
4,I,1 AV,E 1 ST,E 34 ST,2010-10-01,2010-10-01,2010,,,,
22,III,1 AV,E HOUSTON ST,E 1 ST,2010-10-01,2010-10-01,2010,,,,
28,I,2 AV,E 14 ST,E 2 ST,1998-07-01,2010-10-01,2010,,,,
30,II,2 AV,E 2 ST,E 1 ST,1998-07-01,2010-10-01,2010,,,,
33,I,2 AV,E 34 ST,E 23 ST,2010-10-01,2010-10-01,2010,,,,
53,I,8 AV,BANK ST,W 39 ST,2006-04-01,2010-09-01,2010,,,,
83,III,AMSTERDAM AV,W 162 ST,W 160 ST,2010-08-01,2010-08-01,2010,,,,
120,I,BROADWAY,E 23 ST,E 18 ST,2001-01-01,2010-09-01,2010,,,,
179,III,CENTRAL PARK W,W 109 ST,FRED DOUGLASS CIR,2010-06-01,2010-06-01,2010,,,,
214,I,COLUMBUS AV,W 96 ST,W 77 ST,2010-08-01,2010-08-01,2010,,,,
215,I,COLUMBUS AV,W 96 ST,W 77 ST,2006-09-01,2010-08-01,2010,,,,
357,III,FRED DOUGLASS CIR,CENTRAL PARK W,FRED DOUGLASS BLVD,2010-06-01,2010-06-01,2010,,,,
398,I,HUDSON RIVER GREENWAY,W 82 ST,W 90 ST,2010-05-01,2010-05-01,2010,,,,
436,I,PETER MINUIT PLAZA GREENWAY,EAST RIVER ESPLANADE,BATTERY PARK GREENWAY,2010-08-01,2010-08-01,2010,,,,
458,II,RIVINGTON ST,ATTORNEY ST,FORSYTH ST,2010-05-01,2010-05-01,2010,,,,
459,II,RIVINGTON ST,CHRYSTIE ST,BOWERY,2008-08-01,2010-05-01,2010,,,,
460,I,RIVINGTON ST,FORSYTH ST,CHRYSTIE ST,2010-05-01,2010-05-01,2010,,,,
461,III,RIVINGTON ST,PITT ST,ATTORNEY ST,2010-05-01,2010-05-01,2010,,,,
479,II,ST NICHOLAS AV,W 117 ST,W 162 ST,1996-04-01,2010-08-01,2010,,,,
480,II,ST NICHOLAS AV,W 117 ST,W 162 ST,1996-04-01,2010-08-01,2010,,,,
482,I,ST NICHOLAS AV,W 163 ST,W 162 ST,1996-04-01,2010-08-01,2010,,,,
483,I,ST NICHOLAS AV,W 162 ST,AMSTERDAM AVE,1996-04-01,2010-08-01,2010,,,,
488,III,STANTON ST,ELDRIDGE ST,FORSYTH ST,2010-05-01,2010-05-01,2010,,,,
489,I,STANTON ST,FORSYTH ST,CHRYSTIE ST,2010-05-01,2010-05-01,2010,,,,
490,I,STANTON ST,PITT ST,ELDRIDGE ST,2010-05-01,2010-05-01,2010,,,,
491,II,STANTON ST,PITT ST,ELDRIDGE ST,2010-05-01,2010-05-01,2010,,,,
493,II,SUFFOLK ST,GRAND ST,E HOUSTON ST,2010-05-01,2010-05-01,2010,,,,
494,II,SUFFOLK ST,GRAND ST,E HOUSTON ST,2010-05-01,2010-05-01,2010,,,,
495,III,SUFFOLK ST,GRAND ST,E HOUSTON ST,2010-05-01,2010-05-01,2010,,,,
526,II,W 160 ST,AMSTERDAM AV,ST NICHOLAS AV,2010-08-01,2010-08-01,2010,,,,
639,I,WILLIAMSBURG BR,S 5 PL,CLINTON ST,1909-01-01,2010-04-01,2010,,,,
684,II,BRYANT AV,LAFAYETTE AV,GARRISON AV,2010-03-01,2010-03-01,2010,,,,
693,II,CROTONA AV,CROTONA PK S,CROTONA PK N,2010-05-01,2010-05-01,2010,,,,
743,III,ESPLANADE,WILLIAMSBRIDGE RD,PELHAM PKWY N,2010-06-01,2010-06-01,2010,,,,
777,III,LACONIA AV,BURKE AVE,PELHAM PKWY N,2010-06-01,2010-06-01,2010,,,,
781,II,LEGGETT AV,SOUTHERN BL,TRUXTON ST,2010-07-01,2010-07-01,2010,,,,
782,I,LEGGETT AV,SOUTHERN BL,TRUXTON ST,2010-07-01,2010-07-01,2010,,,,
783,III,LEGGETT AV,SOUTHERN BL,TRUXTON ST,2010-07-01,2010-07-01,2010,,,,
784,II,LEGGETT AV,SOUTHERN BL,TRUXTON ST,2010-07-01,2010-07-01,2010,,,,
788,II,LONGFELLOW AV,GARRISON,LAFAYETTE AV,2010-12-01,2010-12-01,2010,,,,
815,III,PELHAM PKWY N,ESPLANADE,LACONIA AV,2010-06-01,2010-06-01,2010,,,,
819,II,RANDALL AV,TRUXTON ST,HALLECK ST,2010-07-01,2010-07-01,2010,,,,
840,III,SOUTHERN BLVD,ST. MARY'S STREET,WESTCHESTER AV,2010-12-01,2010-12-01,2010,,,,
846,II,TIFFANY ST,VIELE AV,GARRISON AV,2010-07-01,2010-07-01,2010,,,,
847,II,TIFFANY ST,VIELE AV,GARRISON AV,2010-07-01,2010-07-01,2010,,,,
848,II,TIFFANY ST,VIELE AV,GARRISON AV,2010-07-01,2010-07-01,2010,,,,
863,III,VAN CORTLANDT PARK E,E 233 ST,PARKWAY N,2010-06-01,2010-06-01,2010,,,,
992,III,BAY ST,COLUMBIA ST,SMITH ST,2010-06-01,2010-06-01,2010,,,,
993,II,BEARD ST,VAN BRUNT ST,OSTEGO ST,2010-07-01,2010-07-01,2010,,,,
1033,I,BROOKLYN BRIDGE PARK GREENWAY,ATLANTIC AV,FURMAN ST,2010-06-01,2010-06-01,2010,,,,
1036,II,BUFFALO AV,E NEW YORK AV,EASTERN PKWY,2010-10-01,2010-10-01,2010,,,,
1037,III,BUFFALO AV,E NEW YORK AV,EASTERN PKWY,2010-10-01,2010-10-01,2010,,,,
1038,II,BUFFALO AV,E NEW YORK AV,EASTERN PKWY,2010-10-01,2010-10-01,2010,,,,
1062,III,CHURCH AV,OCEAN PKWY,36 ST,2010-11-01,2010-11-01,2010,,,,
1088,II,COLUMBIA ST,BAY ST,COLUMBIA ST ESPLANADE,2007-08-01,2010-07-01,2010,,,,
1089,III,COLUMBIA ST,BAY ST,COLUMBIA ST ESPLANADE,2010-07-01,2010-07-01,2010,,,,
1090,II,COLUMBIA ST,BAY ST,COLUMBIA ST ESPLANADE,2010-07-01,2010-07-01,2010,,,,
1140,II,E NEW YORK AV,PROSPECT PL,MOTHER GASTON BLVD,2010-04-01,2010-04-01,2010,,,,
1141,III,E NEW YORK AV,PROSPECT PL,MOTHER GASTON BLVD,2010-04-01,2010-04-01,2010,,,,
1142,III,E NEW YORK AV,PROSPECT PL,GRAFTON ST,2010-04-01,2010-04-01,2010,,,,
1143,II,E NEW YORK AV,PROSPECT PL,MOTHER GASTON BLVD,2010-04-01,2010-04-01,2010,,,,
1167,III,FLUSHING AV,BEDFORD AV,FRANKLIN AV,2009-11-01,2010-07-01,2010,,,,
1168,III,FLUSHING AV,FRANKLIN AV,WILLIAMSBURG ST W,2009-11-01,2010-07-01,2010,,,,
1169,II,FLUSHING AV,FRANKLIN AV,WILLIAMSBURG ST W,2009-11-01,2010-07-01,2010,,,,
1171,II,FLUSHING AV,WILLIAMSBURG ST W,4 ST,2010-07-01,2010-07-01,2010,,,,
1172,I,FLUSHING AV,WILLIAMSBURG ST W,4 ST,2010-07-01,2010-07-01,2010,,,,
1211,II,HALLECK ST,BEARD ST,COLUMBIA ST,2010-07-01,2010-07-01,2010,,,,
1232,III,HOYT ST,DOUGLASS ST,3 ST,2010-06-01,2010-06-01,2010,,,,
1233,II,HOYT ST,DOUGLASS ST,SCHERMERHORN ST,2010-06-01,2010-06-01,2010,,,,
1291,II,MONTAGUE ST,FURMAN ST,BROOKLYN BRIDGE PARK GREENWAY,2010-08-01,2010-08-01,2010,,,,
1292,II,MONTAGUE ST,FURMAN ST,BROOKLYN BRIDGE PARK GREENWAY,2010-08-01,2010-08-01,2010,,,,
1306,II,NASSAU ST,4 ST,NAVY ST,2010-07-01,2010-07-01,2010,,,,
1320,II,NEPTUNE AV,W 37 ST,BRIGHTON 8 ST,2005-08-01,2010-08-01,2010,,,,
1394,I,PROSPECT PARK W,PROSPECT PARK SW,PLAZA ST W,2010-06-01,2010-06-01,2010,,,,
1404,II,ROCKAWAY PKWY,EAST NEW YORK AV,DITMAS AV,2010-10-01,2010-10-01,2010,,,,
1405,II,ROCKAWAY PKWY,EAST NEW YORK AV,DITMAS AV,2010-10-01,2010-10-01,2010,,,,
1407,II,ROCKAWAY PKWY,EAST NEW YORK AV,DITMAS AV,2010-10-01,2010-10-01,2010,,,,
1408,II,ROCKAWAY PKWY,EAST NEW YORK AV,DITMAS AV,2010-10-01,2010-10-01,2010,,,,
1409,II,ROCKAWAY PKWY,EAST NEW YORK AV,DITMAS AV,2010-10-01,2010-10-01,2010,,,,
1454,III,SMITH ST,BAY ST,HAMILTON AV,2010-06-01,2010-06-01,2010,,,,
1460,II,SMITH ST,SCHERMERHORN ST,HAMILTON AV,2007-08-01,2010-06-01,2010,,,,
1461,II,SMITH ST,SCHERMERHORN ST,HAMILTON AV,2010-06-01,2010-06-01,2010,,,,
1513,II,VANDERBILT AV,GATES AV,PLAZA ST E,2010-07-01,2010-07-01,2010,,,,
1514,II,VANDERBILT AV,GATES AV,PLAZA ST E,2010-07-01,2010-07-01,2010,,,,
1519,III,W 6 ST,65 ST,86 ST,2010-05-01,2010-05-01,2010,,,,
1541,I,WILLIAMSBURG BR,S 5 PL,CLINTON ST,1909-01-01,2010-04-01,2010,,,,
1570,III,141 ST,77 RD,77 AV,2000-01-01,2010-06-01,2010,,,,
1599,II,21 ST,20 AV,HOYT AV S,2010-07-01,2010-07-01,2010,,,,
1706,III,77 AV,141 ST,PARK DR E,2000-01-01,2010-06-01,2010,,,,
1707,III,77 RD,MAIN ST,141 ST,2000-01-01,2010-06-01,2010,,,,
1708,III,77 RD,MAIN ST,141 ST,2000-01-01,2010-06-01,2010,,,,
1715,III,80 RD,PARK LA,KEW GDNS RD,2000-01-01,2010-06-01,2010,,,,
1716,III,82 AV,GRENFELL ST,KEW GDNS RD,2000-01-01,2010-06-01,2010,,,,
1717,III,83 AV,KEW GDNS RD,QUEENS BLVD,2000-01-01,2010-06-01,2010,,,,
1738,II,ASTORIA PARK S,SHORE BLVD,29 ST,2010-07-01,2010-07-01,2010,,,,
1739,II,ASTORIA PARK S,SHORE BLVD,21 ST,2010-07-01,2010-07-01,2010,,,,
1740,II,ASTORIA PARK S,SHORE BLVD,29 ST,2010-07-01,2010-07-01,2010,,,,
1741,II,ASTORIA PARK S,SHORE BLVD,29 ST,2008-07-31,2010-07-01,2010,,,,
1756,III,BEACH CHANNEL DR,BAY 32 ST,DICKENS ST,2010-07-01,2010-07-01,2010,,,,
1757,II,BEACH CHANNEL DR,BEACH 36 ST,BAY 32 ST,2010-07-01,2010-07-01,2010,,,,
1758,II,BEACH CHANNEL DR,BEACH 36 ST,BAY 32 ST,2010-07-01,2010-07-01,2010,,,,
1759,II,BEACH CHANNEL DR,BEACH 36 ST,BAY 32 ST,2010-07-01,2010-07-01,2010,,,,
1760,II,BEACH CHANNEL DR,BEACH 36 ST,BAY 32 ST,2010-07-01,2010-07-01,2010,,,,
1762,II,BEACH CHANNEL DR,BEACH 36 ST,BAY 32 ST,2010-07-01,2010-07-01,2010,,,,
1769,II,BEACH CHANNEL DR,HORTON ST,DICKENS ST,2010-07-01,2010-07-01,2010,,,,
1770,II,BEACH CHANNEL DR,HORTON ST,DICKENS ST,2010-07-01,2010-07-01,2010,,,,
1771,II,BEACH CHANNEL DR,HORTON ST,DICKENS ST,2010-07-01,2010-07-01,2010,,,,
1772,II,BEACH CHANNEL DR,HORTON ST,DICKENS ST,2010-07-01,2010-07-01,2010,,,,
1804,III,COOLIDGE AV,MAIN ST,135 ST,2000-01-01,2010-06-01,2010,,,,
1837,III,DITMARS BLVD,21 ST,SHORE BLVD,2010-07-01,2010-07-01,2010,,,,
1849,III,FOREST PARK DR,METROPOLITAN AV,PARK LA,2000-01-01,2010-06-01,2010,,,,
1856,III,GRENFELL ST,82 AV,ONSLOW PL,2000-01-01,2010-06-01,2010,,,,
1861,III,HOOVER AV,QUEENS BLVD,135 ST,2000-01-01,2010-06-01,2010,,,,
1865,II,HOYT AV N,29 ST,27 ST,2010-07-01,2010-07-01,2010,,,,
1867,II,HOYT AV S,21 ST,29 ST,2010-07-01,2010-07-01,2010,,,,
1880,III,KEW GDNS RD,80 RD,83 AV,2000-01-01,2010-06-01,2010,,,,
1881,III,KEW GDNS RD,80 RD,83 AV,2000-01-01,2010-06-01,2010,,,,
1897,III,MAIN ST,HOOVER AV,77 RD,2000-01-01,2010-06-01,2010,,,,
1898,III,MAIN ST,HOOVER AV,77 RD,2000-01-01,2010-06-01,2010,,,,
1922,III,ONSLOW PL,PARK LA,GRENFELL ST,2000-01-01,2010-06-01,2010,,,,
1924,II,PARK LA,FOREST PARK DR,82 AV,2000-01-01,2010-06-01,2010,,,,
1925,II,PARK LA,FOREST PARK DR,82 AV,2000-01-01,2010-06-01,2010,,,,
1940,I,QN PLZ,QUEENS BLVD,VERNON BLVD,2010-10-01,2010-10-01,2010,,,,
1943,I,QUEENS PLZ N,QUEENS BLVD,VERNON BLVD,1979-07-01,2010-10-01,2010,,,,
1944,I,QUEENS PLZ N,QUEENS BLVD,21 ST,2010-10-01,2010-10-01,2010,,,,
2060,III,LILY POND AV,SCHOOL RD,FR CAPODANNO BLVD,1980-07-01,2010-03-01,2010,,,,
2061,II,LILY POND AV,SCHOOL RD,FR CAPODANNO BLVD,1980-07-01,2010-03-01,2010,,,,
52,I,8 AV,BANK ST,W 39 ST,2006-04-01,2009-04-06,2009,,,,
78,III,ALLEN ST,DIVISION ST,E HOUSTON ST,2009-08-01,2009-08-01,2009,,,,
79,I,ALLEN ST,CANAL ST,DIVISION ST,2004-06-01,2009-08-01,2009,,,,
80,I,ALLEN ST,DIVISION ST,E HOUSTON ST,2004-06-01,2009-08-01,2009,,,,
81,I,ALLEN ST,E HOUSTON ST,CANAL ST,2004-06-01,2009-08-01,2009,,,,
88,II,AV A,E HOUSTON ST,E 14 ST,2009-04-08,2009-04-08,2009,,,,
89,II,AV A,E HOUSTON ST,E 14 ST,2008-12-02,2009-04-08,2009,,,,
125,I,BROADWAY,W 42 ST,W 26 ST,1978-07-01,2009-05-22,2009,,,,
126,I,BROADWAY,W 42 ST,W 26 ST,1978-07-01,2009-11-01,2009,,,,
195,III,CHRISTOPHER ST,WEST ST,AV OF THE AMERICAS,2004-11-01,2009-06-01,2009,,,,
196,II,CHRISTOPHER ST,WEST ST,AV OF THE AMERICAS,2004-11-01,2009-06-01,2009,,,,
217,III,COLUMBUS CIR,8 AV,CENTRAL PARK W,2006-04-01,2009-07-01,2009,,,,
218,II,COLUMBUS CIR,8 AV,CENTRAL PARK W,2006-04-01,2009-07-01,2009,,,,
418,II,MAC DOUGAL ST,WASHINGTON SQ S,BLEECKER ST,2009-05-01,2009-05-01,2009,,,,
424,II,MARBLE HILL AV,W 225 ST,W 227 ST,2009-05-27,2009-05-27,2009,,,,
425,III,MARBLE HILL AV,W 227 ST,W 228 ST,2009-05-27,2009-05-27,2009,,,,
426,II,MARBLE HILL AV,W 228 ST,W 230 ST,2009-05-27,2009-05-27,2009,,,,
438,I,PIKE SLIP,SOUTH ST,CHERRY ST,2004-06-01,2009-08-01,2009,,,,
439,I,PIKE SLIP,SOUTH ST,CHERRY ST,2004-06-01,2009-08-01,2009,,,,
440,I,PIKE ST,CHERRY ST,DIVISION ST,2004-06-01,2009-08-01,2009,,,,
441,I,PIKE ST,CHERRY ST,DIVISION ST,2004-06-01,2009-08-01,2009,,,,
442,III,PIKE ST,CHERRY ST,DIVISION ST,2009-08-01,2009-08-01,2009,,,,
449,I,RANDALLS ISLAND GREENWAY,RANDALLS ISLAND GREENWAY,RANDALLS ISLAND CONNECTOR,2009-06-01,2009-06-01,2009,,,,
492,II,SUFFOLK ST,GRAND ST,E HOUSTON ST,2009-11-01,2009-11-01,2009,,,,
500,III,TERRACE VIEW AV,ADRIAN AV,ADRIAN AV,2009-05-27,2009-05-27,2009,,,,
501,III,THOMPSON ST,BLEECKER ST,BROOME ST,2009-05-01,2009-05-01,2009,,,,
502,II,THOMPSON ST,BROOME ST,WATTS ST,2009-05-01,2009-05-01,2009,,,,
503,III,THOMPSON ST,WATTS ST,GRAND ST,2009-05-01,2009-05-01,2009,,,,
510,II,W 10 ST,BLEECKER ST,WAVERLY PL,2004-11-01,2009-06-01,2009,,,,
512,II,W 10 ST,GREENWICH AV,AV A,2004-11-01,2009-06-01,2009,,,,
513,III,W 10 ST,HUDSON ST,BLEECKER ST,2004-11-01,2009-06-01,2009,,,,
514,III,W 10 ST,WAVERLY PL,GREENWICH AV,2004-11-01,2009-06-01,2009,,,,
515,II,W 10 ST,WEST ST,HUDSON ST,2004-11-01,2009-06-01,2009,,,,
540,III,W 225 ST,ADRIAN AV,BROADWAY,2009-05-27,2009-05-27,2009,,,,
542,II,W 228 ST,BROADWAY,MARBLE HILL AV,2009-05-27,2009-05-27,2009,,,,
543,III,W 228 ST,MARBLE HILL AV,ADRIAN AV,2009-05-27,2009-05-27,2009,,,,
613,II,WASHINGTON SQ N,5 AV,WASHINGTON SQ W,2009-05-01,2009-05-01,2009,,,,
617,II,WASHINGTON SQ W,WASHINGTON SQ N,WASHINGTON SQ S,2009-05-01,2009-05-01,2009,,,,
643,II,3 AV,E 135 ST,E 139 ST,2009-07-01,2009-07-01,2009,,,,
644,II,3 AV,E 135 ST,E 139 ST,2009-07-01,2009-07-01,2009,,,,
645,III,3 AV,E 135 ST,E 139 ST,2009-07-01,2009-07-01,2009,,,,
651,II,3 AV,E 146 ST,MORRIS AV,2009-07-01,2009-07-01,2009,,,,
652,II,3 AV,E 146 ST,MORRIS AV,2009-07-01,2009-07-01,2009,,,,
654,II,ALLERTON AV,KINGSLAND AV,BOSTON RD,2009-08-01,2009-08-01,2009,,,,
656,II,ALLERTON AV,KINGSLAND AV,BOSTON RD,2009-08-01,2009-08-01,2009,,,,
658,II,ALLERTON AV,KINGSLAND AV,BOSTON RD,2009-08-01,2009-08-01,2009,,,,
659,III,ALLERTON AV,KINGSLAND AV,BOSTON RD,2009-08-01,2009-08-01,2009,,,,
660,II,ALLERTON AV,KINGSLAND AV,BOSTON RD,2009-08-01,2009-08-01,2009,,,,
661,II,ALLERTON AV,KINGSLAND AV,BOSTON RD,2009-08-01,2009-08-01,2009,,,,
689,I,CONCRETE PARK GREENWAY,BRUCKNER BLVD,WESTCHESTER AV,2009-09-01,2009-09-01,2009,,,,
705,II,E 135 ST,3 AV,LINCOLN AV,2009-07-01,2009-07-01,2009,,,,
708,III,E 139 ST,3 AV,3 AV,2009-07-01,2009-07-01,2009,,,,
731,II,E 188 ST,E FORDHAM RD,GRAND CONCOURSE,2009-07-01,2009-07-01,2009,,,,
759,II,GRAND CONCOURSE,E 161 ST,VAN CORTLANDT AVE E,2009-05-01,2009-05-01,2009,,,,
760,II,GRAND CONCOURSE,E 161 ST,VAN CORTLANDT AVE E,2009-05-01,2009-05-01,2009,,,,
772,III,IRWIN AV,W 240 ST,WALDO WALK,2009-05-27,2009-05-27,2009,,,,
785,III,LINCOLN AV,E 138 ST,E 132 ST,2009-07-01,2009-07-01,2009,,,,
786,II,LINCOLN AV,E 138 ST,E 132 ST,2009-07-01,2009-07-01,2009,,,,
793,III,MANHATTAN COLLEGE PKWY,WALDO WALK,W 242 ST,2009-05-27,2009-05-27,2009,,,,
794,II,MARBLE HILL AV,W 228 ST,W 230 ST,2009-05-27,2009-05-27,2009,,,,
817,I,PUGSLEY CREEK GREENWAY,STEPHENS AV,OLMSTEAD AV,2009-10-01,2009-10-01,2009,,,,
845,III,TIBBETT AV,W 230 ST,W 240 ST,2009-05-27,2009-05-27,2009,,,,
871,III,W 230 ST,MARBLE HILL AV,TIBBETT AV,2009-05-27,2009-05-27,2009,,,,
872,III,W 240 ST,TIBBETT AV,IRWIN AV,2009-05-27,2009-05-27,2009,,,,
874,III,W 242 ST,MANHATTAN COLLEGE PKWY,VAN CORTLANDT PARK GREENWAY,2009-05-27,2009-05-27,2009,,,,
876,I,WALDO WALK,IRWIN AV,MANHATTAN COLLEGE PKWY,2009-05-27,2009-05-27,2009,,,,
959,II,7 AV,CROPSEY AV,FT HAMILTON PKWY,2009-07-01,2009-07-01,2009,,,,
960,II,7 AV,CROPSEY AV,FT HAMILTON PKWY,2009-07-01,2009-07-01,2009,,,,
961,III,7 AV,CROPSEY AV,FT HAMILTON PKWY,2009-07-01,2009-07-01,2009,,,,
966,II,9 ST,2 AV,GOWANUS CANAL SHORELINE,2007-07-01,2009-07-01,2009,,,,
967,III,9 ST,3 AV,2 AV,2007-07-01,2009-07-01,2009,,,,
968,III,9 ST,GOWANUS CANAL SHORELINE,COLUMBIA ST,2007-07-01,2009-07-01,2009,,,,
982,I,AV H,CAMPUS RD,OCEAN PKWY,2009-07-01,2009-07-01,2009,,,,
983,III,AV H,CAMPUS RD,OCEAN PKWY,2009-07-01,2009-07-01,2009,,,,
986,III,AV I,OCEAN PKWY,OCEAN PKWY,2009-07-01,2009-07-01,2009,,,,
1001,II,BERGEN ST,COURT ST,RALPH AV,2009-06-01,2009-06-01,2009,,,,
1018,II,BORINQUEN PL,MARCY AV,HOOPER ST,2009-04-28,2009-04-28,2009,,,,
1019,II,BORINQUEN PL,S 2 ST,S 4 ST,2009-04-28,2009-04-28,2009,,,,
1020,I,BORINQUEN PL,S 2 ST,S 4 ST,2009-04-28,2009-04-28,2009,,,,
1051,II,CATON AV,DAHILL RD,OCEAN PKWY,2001-11-01,2009-11-01,2009,,,,
1052,III,CATON AV,MCDONALD AVE,OCEAN PKWY,2009-11-01,2009-11-01,2009,,,,
1053,II,CATON AV,DAHILL RD,MCDONALD AVE,2001-11-01,2009-11-01,2009,,,,
1084,II,COLUMBIA ST,BAY ST,W 9 ST,2009-08-01,2009-08-01,2009,,,,
1086,II,COLUMBIA ST,BAY ST,W 9 ST,2009-08-01,2009-08-01,2009,,,,
1087,III,COLUMBIA ST,BAY ST,W 9 ST,2009-08-01,2009-08-01,2009,,,,
1106,II,CROPSEY AV,14 AV,7 AV,2009-07-01,2009-07-01,2009,,,,
1111,II,CROPSEY AV,NEPTUNE AV,SHORE PKWY SR N,1998-07-01,2009-08-01,2009,,,,
1130,II,DRIGGS AV,LEONARD ST,BROADWAY,2009-04-01,2009-04-01,2009,,,,
1134,II,E NEW YORK AV,HOWARD AV,UTICA AV,2009-10-01,2009-10-01,2009,,,,
1135,II,E NEW YORK AV,HOWARD AV,UTICA AV,2009-10-01,2009-10-01,2009,,,,
1136,II,E NEW YORK AV,HOWARD AV,UTICA AV,2009-10-01,2009-10-01,2009,,,,
1139,III,E NEW YORK AV,PROSPECT PL,GRAFTON ST,2009-10-01,2009-10-01,2009,,,,
1155,II,EMPIRE BLVD,BEDFORD AV,UTICA AV,2009-07-01,2009-07-01,2009,,,,
1156,II,EMPIRE BLVD,BEDFORD AV,UTICA AV,2009-07-01,2009-07-01,2009,,,,
1174,III,FOSTER AV,OCEAN PKWY,OCEAN PKWY,2009-07-01,2009-07-01,2009,,,,
1194,II,FT HAMILTON PKWY,E 5 ST,MC DONALD AV,2009-11-01,2009-11-01,2009,,,,
1195,I,FT HAMILTON PKWY,E 7 ST,E 5 ST,2009-11-01,2009-11-01,2009,,,,
1200,III,GERRITSEN AV,NOSTRAND AV,AVE X,2009-10-01,2009-10-01,2009,,,,
1201,III,GRAFTON ST,PITKIN AV,E NEW YORK AV,2009-10-01,2009-10-01,2009,,,,
1203,II,GRAND ST,BORINQUEN PL,METROPOLITAN AV,2009-04-28,2009-04-28,2009,,,,
1204,II,GRAND ST,BORINQUEN PL,METROPOLITAN AV,2009-04-28,2009-04-28,2009,,,,
1205,II,GRAND ST,BORINQUEN PL,METROPOLITAN AV,2009-04-28,2009-04-28,2009,,,,
1252,I,KENT AV,N 14 ST,CLYMER ST,2008-11-14,2009-08-01,2009,,,,
1257,II,LAFAYETTE AV,3 AV,FT GREENE PL,2009-09-01,2009-09-01,2009,,,,
1258,II,LAFAYETTE AV,3 AV,ST FELIX ST,2009-09-01,2009-09-01,2009,,,,
1262,II,LEFFERTS AV,UTICA AV,E NEW YORK AV,2009-07-01,2009-07-01,2009,,,,
1266,III,LIBERTY AV,MILLER AV,MOTHER GASTON BLVD,2009-10-01,2009-10-01,2009,,,,
1267,III,LIBERTY AV,MILLER AV,MOTHER GASTON BLVD,2009-10-01,2009-10-01,2009,,,,
1279,II,MARCY AV,S 2 ST,BORINQUEN PL,2009-04-01,2009-04-01,2009,,,,
1284,II,MC DONALD AV,FT HAMILTON PKWY,CATON AV,2009-11-01,2009-11-01,2009,,,,
1288,III,MILLER AV,HIGHLAND BLVD,LIBERTY AV,2009-10-01,2009-10-01,2009,,,,
1289,III,MILLER AV,HIGHLAND BLVD,LIBERTY AV,2009-10-01,2009-10-01,2009,,,,
1294,III,MOTHER GASTON BLVD,BERGEN ST,E NEW YORK AV,2009-10-01,2009-10-01,2009,,,,
1295,II,MOTHER GASTON BLVD,LIBERTY AV,E NEW YORK AV,2009-10-01,2009-10-01,2009,,,,
1319,III,NEPTUNE AV,W 37 ST,BRIGHTON 8 ST,2005-08-01,2009-08-01,2009,,,,
1327,III,OCEAN PKWY,AV I,FOSTER AV,2009-07-01,2009-07-01,2009,,,,
1329,I,OCEAN PKWY,PARK CIR,E 7 ST,2009-11-01,2009-11-01,2009,,,,
1330,II,OCEAN PKWY,PARK CIR,E 8 ST,2009-11-01,2009-11-01,2009,,,,
1332,III,OLD FULTON ST,FURMAN ST,HENRY ST,2009-12-09,2009-12-09,2009,,,,
1333,II,OLD FULTON ST,FURMAN ST,HENRY ST,2009-12-09,2009-12-09,2009,,,,
1341,I,P P 16 ST APPR,PROSPECT PARK SW,WEST DR,1980-07-01,2009-04-01,2009,,,,
1342,I,P P 16 ST APPR,PROSPECT PARK SW,WEST DR,1980-07-01,2009-04-01,2009,,,,
1343,I,P P 16 ST APPR,PROSPECT PARK SW,WEST DR,1980-07-01,2009-04-01,2009,,,,
1344,I,P P 3 ST APPR,WEST DR,PROSPECT PARK W,1980-07-01,2009-04-01,2009,,,,
1345,I,P P 3 ST APPR,WEST DR,PROSPECT PARK W,1980-07-01,2009-04-01,2009,,,,
1358,I,P P PARK CIR EXIT,W LAKE DR,PARK CIR,1980-07-01,2009-11-01,2009,,,,
1367,I,PARK CIR,OCEAN PKWY,PROSPECT PARK SW,1980-07-01,2009-11-01,2009,,,,
1369,III,PARK CIR,PROSPECT PARK SW,OCEAN PKWY,1980-07-01,2009-11-01,2009,,,,
1377,III,PITKIN AV,HOWARD AV,LEGION ST,2009-10-01,2009-10-01,2009,,,,
1379,III,PITKIN AV,HOWARD AV,LEGION ST,2009-10-01,2009-10-01,2009,,,,
1410,III,ROEBLING ST,S 4 ST,S 3 ST,2009-04-28,2009-04-28,2009,,,,
1413,II,S 3 ST,ROEBLING ST,BORINQUEN PL,2009-04-28,2009-04-28,2009,,,,
1427,I,SANDS ST,NAVY ST,JAY ST GREENWAY,2009-11-01,2009-11-01,2009,,,,
1428,I,SANDS ST,NAVY ST,JAY ST GREENWAY,2009-11-01,2009-11-01,2009,,,,
1429,I,SANDS ST,NAVY ST,JAY ST GREENWAY,2004-06-01,2009-11-01,2009,,,,
1431,I,SANDS ST,NAVY ST,JAY ST GREENWAY,2004-06-01,2009-11-01,2009,,,,
1436,II,SCHERMERHORN ST,BOERUM PL,3 AV,2008-10-01,2009-09-01,2009,,,,
1437,II,SCHERMERHORN ST,BOERUM PL,3 AV,2009-09-01,2009-09-01,2009,,,,
1468,III,SUNNYSIDE AV,VERMONT AV,MILLER AV,2009-10-01,2009-10-01,2009,,,,
1473,III,SURF AV,OCEAN PKWY,W 17 ST,1998-07-01,2009-08-01,2009,,,,
1491,III,UTICA AV,EMPIRE BLVD,E NEW YORK AV,2009-10-01,2009-10-01,2009,,,,
1492,III,UTICA AV,MAPLE ST,E NEW YORK AV,2009-10-01,2009-10-01,2009,,,,
1516,III,VERMONT ST,SUNNYSIDE AV,COZINE AV,2009-10-01,2009-10-01,2009,,,,
1517,III,W 16 ST,SURF AV,NEPTUNE AV,2009-08-01,2009-08-01,2009,,,,
1518,III,W 17 ST,NEPTUNE AV,SURF AV,1998-07-01,2009-08-01,2009,,,,
1520,II,W 9 ST,SMITH ST,HAMILTON AV,2007-07-01,2009-07-01,2009,,,,
1542,I,WILLIAMSBURG ST W,KENT AV,FLUSHING AV,2009-11-01,2009-11-01,2009,,,,
1616,II,28 ST,QUEENS PLZ N,34 AV,2009-05-01,2009-05-01,2009,,,,
1617,II,29 ST,QUEENS PLZ N,34 AV,2009-05-01,2009-05-01,2009,,,,
1619,II,34 AV,12 ST,CRESCENT ST,2009-05-01,2009-05-01,2009,,,,
1620,II,34 AV,12 ST,CRESCENT ST,2009-05-01,2009-05-01,2009,,,,
1621,II,34 AV,47 ST,NORTHERN BLVD,2009-05-01,2009-05-01,2009,,,,
1627,III,34 AV,CRESCENT ST,47 ST,2009-05-01,2009-05-01,2009,,,,
1629,III,34 AV,VERNON BLVD,12 ST,2009-05-01,2009-05-01,2009,,,,
1655,III,47 ST,34 AV,NORTHERN BLVD,2009-05-01,2009-05-01,2009,,,,
1656,II,48 ST,37 AV,34 AV,2009-05-01,2009-05-01,2009,,,,
1659,III,48 ST,43 AV,37 AV,2009-05-01,2009-05-01,2009,,,,
1670,II,51 AV,JACKSON AV,VERNON BLVD,2008-07-01,2009-04-01,2009,,,,
1792,II,CENTER BLVD,46 RD,North Basin RD,2009-11-01,2009-11-01,2009,,,,
1793,II,CENTER BLVD,47 AV,48 AV,2007-01-01,2009-11-01,2009,,,,
1794,II,CENTER BLVD,47 AV,46 RD,2009-11-01,2009-11-01,2009,,,,
1869,II,JACKSON AV,49 AV,51 AV,2008-07-01,2009-04-01,2009,,,,
1920,III,NORTHERN BLVD,47 ST,48 ST,2009-05-01,2009-05-01,2009,,,,
1963,II,SANFORD AV,KISSENA BLVD,COLLEGE PT BLVD,2009-11-01,2009-11-01,2009,,,,
2019,III,BAY ST,EDGEWATER ST,HYLAN BLVD,1980-07-01,2009-12-15,2009,,,,
2020,III,BAY ST,HYLAN BLVD,SCHOOL RD,1980-07-01,2009-12-15,2009,,,,
2021,III,BAY ST,RICHMOND TER,UNNAMED ST,1980-07-01,2009-12-15,2009,,,,
2022,III,BAY ST,RICHMOND TER,UNNAMED ST,1980-07-01,2009-12-15,2009,,,,
2023,III,BAY ST,RICHMOND TER,MINTHORNE ST,1980-07-01,2009-12-15,2009,,,,
2024,II,BAY ST,UNNAMED ST,EDGEWATER ST,1980-07-01,2009-12-15,2009,,,,
2025,II,BAY ST,UNNAMED ST,EDGEWATER ST,1980-07-01,2009-12-15,2009,,,,
2026,III,BEACH AV,S RAILROAD AV,NEW DORP PLZ,2009-06-01,2009-06-01,2009,,,,
2043,III,HYLAN BLVD,MIDLAND AV,JEFFERSON AV,2009-06-01,2009-06-01,2009,,,,
2049,II,JEFFERSON AV,N RAILROAD AV,HYLAN BLVD,2009-06-01,2009-06-01,2009,,,,
2050,III,JEFFERSON AV,N RAILROAD AV,HYLAN BLVD,2009-06-01,2009-06-01,2009,,,,
2052,I,LA TOURETTE PARK GREENWAY,RICHMOND AV,FOREST HILL RD,2009-03-01,2009-03-01,2009,,,,
2065,II,MIDLAND AV,FR CAPODANNO BLVD,HYLAN BLVD,1980-07-01,2009-06-01,2009,,,,
2066,III,MIDLAND AV,HYLAN BLVD,N RAILROAD AV,2009-06-01,2009-06-01,2009,,,,
2067,II,MIDLAND AV,HYLAN BLVD,N RAILROAD AV,2009-06-01,2009-06-01,2009,,,,
2069,II,N RAILROAD AV,NEW DORP LA,JEFFERSON AV,2009-06-01,2009-06-01,2009,,,,
2071,II,NEW DORP PLZ,BEACH AV,JACQUES AV,2009-06-01,2009-06-01,2009,,,,
2072,II,NEW DORP PLZ,BEACH AV,NEW DORP LA,2009-06-01,2009-06-01,2009,,,,
2076,II,RICHMOND TER,FERRY TERMINAL RAMP C,FERRY TERMINAL DR,2001-05-01,2009-07-01,2009,,,,
2077,III,RICHMOND TER,FERRY TERMINAL DR,FERRY TERMINAL RAMP C,2001-05-01,2009-07-01,2009,,,,
2080,III,RICHMOND TER,SNUG HARBOR RD,CLINTON AV,2001-05-01,2009-07-01,2009,,,,
2086,III,S RAILROAD AV,GUYON AV,BEACH AV,2009-06-01,2009-06-01,2009,,,,
2087,II,S RAILROAD AV,JACQUES AV,JEFFERSON AV,2009-06-01,2009-06-01,2009,,,,