date,name,total
2017-01-01T00:00:00Z,1st Avenue - 26th St N,48183
2017-02-01T00:00:00Z,1st Avenue - 26th St N,48960
2017-03-01T00:00:00Z,1st Avenue - 26th St N,45261
2017-04-01T00:00:00Z,1st Avenue - 26th St N,69362
2017-05-01T00:00:00Z,1st Avenue - 26th St N,92779
2017-06-01T00:00:00Z,1st Avenue - 26th St N,111310
2017-07-01T00:00:00Z,1st Avenue - 26th St N,101203
2017-08-01T00:00:00Z,1st Avenue - 26th St N,106501
2017-09-01T00:00:00Z,1st Avenue - 26th St N,100876
2017-10-01T00:00:00Z,1st Avenue - 26th St N,102604
2017-11-01T00:00:00Z,1st Avenue - 26th St N,63388
2017-12-01T00:00:00Z,1st Avenue - 26th St N,43661
2018-01-01T00:00:00Z,1st Avenue - 26th St N,34543
2018-02-01T00:00:00Z,1st Avenue - 26th St N,40546
2018-03-01T00:00:00Z,1st Avenue - 26th St N,45243
2018-04-01T00:00:00Z,1st Avenue - 26th St N,57432
2018-05-01T00:00:00Z,1st Avenue - 26th St N,93858
2018-06-01T00:00:00Z,1st Avenue - 26th St N,91873
2018-07-01T00:00:00Z,1st Avenue - 26th St N,96809
2018-08-01T00:00:00Z,1st Avenue - 26th St N,98615
2018-09-01T00:00:00Z,1st Avenue - 26th St N,90373
2018-10-01T00:00:00Z,1st Avenue - 26th St N,86259
2018-11-01T00:00:00Z,1st Avenue - 26th St N,56272
2018-12-01T00:00:00Z,1st Avenue - 26th St N,47288
2014-01-01T00:00:00Z,Brooklyn Bridge Bike Path,14579
2014-02-01T00:00:00Z,Brooklyn Bridge Bike Path,10504
2014-03-01T00:00:00Z,Brooklyn Bridge Bike Path,28589
2014-04-01T00:00:00Z,Brooklyn Bridge Bike Path,63412
2014-05-01T00:00:00Z,Brooklyn Bridge Bike Path,91028
2014-06-01T00:00:00Z,Brooklyn Bridge Bike Path,95567
2014-07-01T00:00:00Z,Brooklyn Bridge Bike Path,94239
2014-08-01T00:00:00Z,Brooklyn Bridge Bike Path,98386
2014-09-01T00:00:00Z,Brooklyn Bridge Bike Path,40748
2014-10-01T00:00:00Z,Brooklyn Bridge Bike Path,0
2014-11-01T00:00:00Z,Brooklyn Bridge Bike Path,0
2014-12-01T00:00:00Z,Brooklyn Bridge Bike Path,12763
2015-01-01T00:00:00Z,Brooklyn Bridge Bike Path,14553
2015-02-01T00:00:00Z,Brooklyn Bridge Bike Path,7744
2015-03-01T00:00:00Z,Brooklyn Bridge Bike Path,24134
2015-04-01T00:00:00Z,Brooklyn Bridge Bike Path,64031
2015-05-01T00:00:00Z,Brooklyn Bridge Bike Path,104890
2015-06-01T00:00:00Z,Brooklyn Bridge Bike Path,87135
2015-07-01T00:00:00Z,Brooklyn Bridge Bike Path,100783
2015-08-01T00:00:00Z,Brooklyn Bridge Bike Path,112549
2015-09-01T00:00:00Z,Brooklyn Bridge Bike Path,101477
2015-10-01T00:00:00Z,Brooklyn Bridge Bike Path,76984
2015-11-01T00:00:00Z,Brooklyn Bridge Bike Path,56338
2015-12-01T00:00:00Z,Brooklyn Bridge Bike Path,41299
2016-01-01T00:00:00Z,Brooklyn Bridge Bike Path,23112
2016-02-01T00:00:00Z,Brooklyn Bridge Bike Path,25328
2016-03-01T00:00:00Z,Brooklyn Bridge Bike Path,57882
2016-04-01T00:00:00Z,Brooklyn Bridge Bike Path,68162
2016-05-01T00:00:00Z,Brooklyn Bridge Bike Path,84445
2016-06-01T00:00:00Z,Brooklyn Bridge Bike Path,108420
2016-07-01T00:00:00Z,Brooklyn Bridge Bike Path,114948
2016-08-01T00:00:00Z,Brooklyn Bridge Bike Path,106064
2016-09-01T00:00:00Z,Brooklyn Bridge Bike Path,90578
2016-10-01T00:00:00Z,Brooklyn Bridge Bike Path,76119
2016-11-01T00:00:00Z,Brooklyn Bridge Bike Path,52426
2016-12-01T00:00:00Z,Brooklyn Bridge Bike Path,28375
2017-01-01T00:00:00Z,Brooklyn Bridge Bike Path,23668
2017-02-01T00:00:00Z,Brooklyn Bridge Bike Path,31332
2017-03-01T00:00:00Z,Brooklyn Bridge Bike Path,27568
2017-04-01T00:00:00Z,Brooklyn Bridge Bike Path,67518
2017-05-01T00:00:00Z,Brooklyn Bridge Bike Path,76022
2017-06-01T00:00:00Z,Brooklyn Bridge Bike Path,82728
2017-07-01T00:00:00Z,Brooklyn Bridge Bike Path,85417
2017-08-01T00:00:00Z,Brooklyn Bridge Bike Path,94877
2017-09-01T00:00:00Z,Brooklyn Bridge Bike Path,86869
2017-10-01T00:00:00Z,Brooklyn Bridge Bike Path,80113
2017-11-01T00:00:00Z,Brooklyn Bridge Bike Path,46483
2017-12-01T00:00:00Z,Brooklyn Bridge Bike Path,27517
2018-01-01T00:00:00Z,Brooklyn Bridge Bike Path,20525
2018-02-01T00:00:00Z,Brooklyn Bridge Bike Path,28776
2018-03-01T00:00:00Z,Brooklyn Bridge Bike Path,31311
2018-04-01T00:00:00Z,Brooklyn Bridge Bike Path,51769
2018-05-01T00:00:00Z,Brooklyn Bridge Bike Path,88888
2018-06-01T00:00:00Z,Brooklyn Bridge Bike Path,84047
2018-07-01T00:00:00Z,Brooklyn Bridge Bike Path,85581
2018-08-01T00:00:00Z,Brooklyn Bridge Bike Path,89839
2018-09-01T00:00:00Z,Brooklyn Bridge Bike Path,74136
2018-10-01T00:00:00Z,Brooklyn Bridge Bike Path,68900
2018-11-01T00:00:00Z,Brooklyn Bridge Bike Path,33749
2018-12-01T00:00:00Z,Brooklyn Bridge Bike Path,23345
2019-01-01T00:00:00Z,Brooklyn Bridge Bike Path,20859
2019-02-01T00:00:00Z,Brooklyn Bridge Bike Path,20571
2019-03-01T00:00:00Z,Brooklyn Bridge Bike Path,30481
2019-04-01T00:00:00Z,Brooklyn Bridge Bike Path,57172
2019-05-01T00:00:00Z,Brooklyn Bridge Bike Path,62326
2019-06-01T00:00:00Z,Brooklyn Bridge Bike Path,63133
2019-07-01T00:00:00Z,Brooklyn Bridge Bike Path,66634
2019-08-01T00:00:00Z,Brooklyn Bridge Bike Path,76513
2019-09-01T00:00:00Z,Brooklyn Bridge Bike Path,71794
2019-10-01T00:00:00Z,Brooklyn Bridge Bike Path,54997
2019-11-01T00:00:00Z,Brooklyn Bridge Bike Path,32822
2019-12-01T00:00:00Z,Brooklyn Bridge Bike Path,16149
2014-01-01T00:00:00Z,Ed Koch Queensboro Bridge Shared Path,27048
2014-02-01T00:00:00Z,Ed Koch Queensboro Bridge Shared Path,22048
2014-03-01T00:00:00Z,Ed Koch Queensboro Bridge Shared Path,49185
2014-04-01T00:00:00Z,Ed Koch Queensboro Bridge Shared Path,89128
2014-05-01T00:00:00Z,Ed Koch Queensboro Bridge Shared Path,118030
2014-06-01T00:00:00Z,Ed Koch Queensboro Bridge Shared Path,133436
2014-07-01T00:00:00Z,Ed Koch Queensboro Bridge Shared Path,141625
2014-08-01T00:00:00Z,Ed Koch Queensboro Bridge Shared Path,148298
2014-09-01T00:00:00Z,Ed Koch Queensboro Bridge Shared Path,139025
2014-10-01T00:00:00Z,Ed Koch Queensboro Bridge Shared Path,113054
2014-11-01T00:00:00Z,Ed Koch Queensboro Bridge Shared Path,70119
2014-12-01T00:00:00Z,Ed Koch Queensboro Bridge Shared Path,51348
2015-01-01T00:00:00Z,Ed Koch Queensboro Bridge Shared Path,33868
2015-02-01T00:00:00Z,Ed Koch Queensboro Bridge Shared Path,21352
2015-03-01T00:00:00Z,Ed Koch Queensboro Bridge Shared Path,49686
2015-04-01T00:00:00Z,Ed Koch Queensboro Bridge Shared Path,104893
2015-05-01T00:00:00Z,Ed Koch Queensboro Bridge Shared Path,146968
2015-06-01T00:00:00Z,Ed Koch Queensboro Bridge Shared Path,132678
2015-07-01T00:00:00Z,Ed Koch Queensboro Bridge Shared Path,148769
2015-08-01T00:00:00Z,Ed Koch Queensboro Bridge Shared Path,158258
2015-09-01T00:00:00Z,Ed Koch Queensboro Bridge Shared Path,148931
2015-10-01T00:00:00Z,Ed Koch Queensboro Bridge Shared Path,120133
2015-11-01T00:00:00Z,Ed Koch Queensboro Bridge Shared Path,96469
2015-12-01T00:00:00Z,Ed Koch Queensboro Bridge Shared Path,75367
2016-01-01T00:00:00Z,Ed Koch Queensboro Bridge Shared Path,48548
2016-02-01T00:00:00Z,Ed Koch Queensboro Bridge Shared Path,53096
2016-03-01T00:00:00Z,Ed Koch Queensboro Bridge Shared Path,95096
2016-04-01T00:00:00Z,Ed Koch Queensboro Bridge Shared Path,100727
2016-05-01T00:00:00Z,Ed Koch Queensboro Bridge Shared Path,118397
2016-06-01T00:00:00Z,Ed Koch Queensboro Bridge Shared Path,144470
2016-07-01T00:00:00Z,Ed Koch Queensboro Bridge Shared Path,144802
2016-08-01T00:00:00Z,Ed Koch Queensboro Bridge Shared Path,157072
2016-09-01T00:00:00Z,Ed Koch Queensboro Bridge Shared Path,140462
2016-10-01T00:00:00Z,Ed Koch Queensboro Bridge Shared Path,114568
2016-11-01T00:00:00Z,Ed Koch Queensboro Bridge Shared Path,93329
2016-12-01T00:00:00Z,Ed Koch Queensboro Bridge Shared Path,63458
2017-01-01T00:00:00Z,Ed Koch Queensboro Bridge Shared Path,55682
2017-02-01T00:00:00Z,Ed Koch Queensboro Bridge Shared Path,61319
2017-03-01T00:00:00Z,Ed Koch Queensboro Bridge Shared Path,54010
2017-04-01T00:00:00Z,Ed Koch Queensboro Bridge Shared Path,104495
2017-05-01T00:00:00Z,Ed Koch Queensboro Bridge Shared Path,126467
2017-06-01T00:00:00Z,Ed Koch Queensboro Bridge Shared Path,141925
2017-07-01T00:00:00Z,Ed Koch Queensboro Bridge Shared Path,141250
2017-08-01T00:00:00Z,Ed Koch Queensboro Bridge Shared Path,160299
2017-09-01T00:00:00Z,Ed Koch Queensboro Bridge Shared Path,151610
2017-10-01T00:00:00Z,Ed Koch Queensboro Bridge Shared Path,147909
2017-11-01T00:00:00Z,Ed Koch Queensboro Bridge Shared Path,100328
2017-12-01T00:00:00Z,Ed Koch Queensboro Bridge Shared Path,71533
2018-01-01T00:00:00Z,Ed Koch Queensboro Bridge Shared Path,49528
2018-02-01T00:00:00Z,Ed Koch Queensboro Bridge Shared Path,58369
2018-03-01T00:00:00Z,Ed Koch Queensboro Bridge Shared Path,64309
2018-04-01T00:00:00Z,Ed Koch Queensboro Bridge Shared Path,89915
2018-05-01T00:00:00Z,Ed Koch Queensboro Bridge Shared Path,135071
2018-06-01T00:00:00Z,Ed Koch Queensboro Bridge Shared Path,144092
2018-07-01T00:00:00Z,Ed Koch Queensboro Bridge Shared Path,140044
2018-08-01T00:00:00Z,Ed Koch Queensboro Bridge Shared Path,140294
2018-09-01T00:00:00Z,Ed Koch Queensboro Bridge Shared Path,120646
2018-10-01T00:00:00Z,Ed Koch Queensboro Bridge Shared Path,122132
2018-11-01T00:00:00Z,Ed Koch Queensboro Bridge Shared Path,76079
2018-12-01T00:00:00Z,Ed Koch Queensboro Bridge Shared Path,62026
2019-01-01T00:00:00Z,Ed Koch Queensboro Bridge Shared Path,55895
2019-02-01T00:00:00Z,Ed Koch Queensboro Bridge Shared Path,54777
2019-03-01T00:00:00Z,Ed Koch Queensboro Bridge Shared Path,73808
2019-04-01T00:00:00Z,Ed Koch Queensboro Bridge Shared Path,103877
2019-05-01T00:00:00Z,Ed Koch Queensboro Bridge Shared Path,119263
2019-06-01T00:00:00Z,Ed Koch Queensboro Bridge Shared Path,125571
2019-07-01T00:00:00Z,Ed Koch Queensboro Bridge Shared Path,135949
2019-08-01T00:00:00Z,Ed Koch Queensboro Bridge Shared Path,144003
2019-09-01T00:00:00Z,Ed Koch Queensboro Bridge Shared Path,141060
2019-10-01T00:00:00Z,Ed Koch Queensboro Bridge Shared Path,116161
2019-11-01T00:00:00Z,Ed Koch Queensboro Bridge Shared Path,84058
2019-12-01T00:00:00Z,Ed Koch Queensboro Bridge Shared Path,57951
2017-01-01T00:00:00Z,Kent Avenue Bike Path,32010
2017-02-01T00:00:00Z,Kent Avenue Bike Path,40789
2017-03-01T00:00:00Z,Kent Avenue Bike Path,34977
2017-04-01T00:00:00Z,Kent Avenue Bike Path,80899
2017-05-01T00:00:00Z,Kent Avenue Bike Path,93551
2017-06-01T00:00:00Z,Kent Avenue Bike Path,112507
2017-07-01T00:00:00Z,Kent Avenue Bike Path,114776
2017-08-01T00:00:00Z,Kent Avenue Bike Path,112560
2017-09-01T00:00:00Z,Kent Avenue Bike Path,113152
2017-10-01T00:00:00Z,Kent Avenue Bike Path,95945
2017-11-01T00:00:00Z,Kent Avenue Bike Path,59344
2017-12-01T00:00:00Z,Kent Avenue Bike Path,37439
2018-01-01T00:00:00Z,Kent Avenue Bike Path,29307
2018-02-01T00:00:00Z,Kent Avenue Bike Path,36375
2018-03-01T00:00:00Z,Kent Avenue Bike Path,40898
2018-04-01T00:00:00Z,Kent Avenue Bike Path,66346
2018-05-01T00:00:00Z,Kent Avenue Bike Path,98194
2018-06-01T00:00:00Z,Kent Avenue Bike Path,109333
2018-07-01T00:00:00Z,Kent Avenue Bike Path,107743
2018-08-01T00:00:00Z,Kent Avenue Bike Path,100440
2018-09-01T00:00:00Z,Kent Avenue Bike Path,93066
2018-10-01T00:00:00Z,Kent Avenue Bike Path,81621
2018-11-01T00:00:00Z,Kent Avenue Bike Path,47292
2018-12-01T00:00:00Z,Kent Avenue Bike Path,36006
2019-01-01T00:00:00Z,Kent Avenue Bike Path,32965
2019-02-01T00:00:00Z,Kent Avenue Bike Path,34530
2019-03-01T00:00:00Z,Kent Avenue Bike Path,49935
2019-04-01T00:00:00Z,Kent Avenue Bike Path,76026
2019-05-01T00:00:00Z,Kent Avenue Bike Path,92881
2019-06-01T00:00:00Z,Kent Avenue Bike Path,103258
2019-07-01T00:00:00Z,Kent Avenue Bike Path,99663
2019-08-01T00:00:00Z,Kent Avenue Bike Path,106754
2019-09-01T00:00:00Z,Kent Avenue Bike Path,105192
2019-10-01T00:00:00Z,Kent Avenue Bike Path,76984
2019-11-01T00:00:00Z,Kent Avenue Bike Path,51910
2019-12-01T00:00:00Z,Kent Avenue Bike Path,35149
2019-01-01T00:00:00Z,Manhattan Bridge Display Bike Counter,59413
2019-02-01T00:00:00Z,Manhattan Bridge Display Bike Counter,57267
2019-03-01T00:00:00Z,Manhattan Bridge Display Bike Counter,83463
2019-04-01T00:00:00Z,Manhattan Bridge Display Bike Counter,129441
2019-05-01T00:00:00Z,Manhattan Bridge Display Bike Counter,134064
2019-06-01T00:00:00Z,Manhattan Bridge Display Bike Counter,136963
2019-07-01T00:00:00Z,Manhattan Bridge Display Bike Counter,143530
2019-08-01T00:00:00Z,Manhattan Bridge Display Bike Counter,153675
2019-09-01T00:00:00Z,Manhattan Bridge Display Bike Counter,160758
2019-10-01T00:00:00Z,Manhattan Bridge Display Bike Counter,129677
2019-11-01T00:00:00Z,Manhattan Bridge Display Bike Counter,92120
2019-12-01T00:00:00Z,Manhattan Bridge Display Bike Counter,51480
2014-01-01T00:00:00Z,Manhattan Bridge Ped Path,1215
2014-02-01T00:00:00Z,Manhattan Bridge Ped Path,1097
2014-03-01T00:00:00Z,Manhattan Bridge Ped Path,1996
2014-04-01T00:00:00Z,Manhattan Bridge Ped Path,3534
2014-05-01T00:00:00Z,Manhattan Bridge Ped Path,4584
2014-06-01T00:00:00Z,Manhattan Bridge Ped Path,4840
2014-07-01T00:00:00Z,Manhattan Bridge Ped Path,5354
2014-08-01T00:00:00Z,Manhattan Bridge Ped Path,4819
2014-09-01T00:00:00Z,Manhattan Bridge Ped Path,3607
2014-10-01T00:00:00Z,Manhattan Bridge Ped Path,3003
2014-11-01T00:00:00Z,Manhattan Bridge Ped Path,1921
2014-12-01T00:00:00Z,Manhattan Bridge Ped Path,1709
2015-01-01T00:00:00Z,Manhattan Bridge Ped Path,1268
2015-02-01T00:00:00Z,Manhattan Bridge Ped Path,870
2015-03-01T00:00:00Z,Manhattan Bridge Ped Path,1738
2015-04-01T00:00:00Z,Manhattan Bridge Ped Path,3701
2015-05-01T00:00:00Z,Manhattan Bridge Ped Path,5380
2015-06-01T00:00:00Z,Manhattan Bridge Ped Path,5016
2015-07-01T00:00:00Z,Manhattan Bridge Ped Path,6288
2015-08-01T00:00:00Z,Manhattan Bridge Ped Path,6831
2015-09-01T00:00:00Z,Manhattan Bridge Ped Path,6027
2015-10-01T00:00:00Z,Manhattan Bridge Ped Path,4666
2015-11-01T00:00:00Z,Manhattan Bridge Ped Path,3564
2015-12-01T00:00:00Z,Manhattan Bridge Ped Path,2948
2016-01-01T00:00:00Z,Manhattan Bridge Ped Path,1982
2016-02-01T00:00:00Z,Manhattan Bridge Ped Path,1960
2016-03-01T00:00:00Z,Manhattan Bridge Ped Path,3581
2016-04-01T00:00:00Z,Manhattan Bridge Ped Path,4572
2016-05-01T00:00:00Z,Manhattan Bridge Ped Path,5310
2016-06-01T00:00:00Z,Manhattan Bridge Ped Path,6116
2016-07-01T00:00:00Z,Manhattan Bridge Ped Path,6274
2016-08-01T00:00:00Z,Manhattan Bridge Ped Path,6702
2016-09-01T00:00:00Z,Manhattan Bridge Ped Path,6338
2016-10-01T00:00:00Z,Manhattan Bridge Ped Path,5026
2016-11-01T00:00:00Z,Manhattan Bridge Ped Path,4028
2016-12-01T00:00:00Z,Manhattan Bridge Ped Path,2993
2017-01-01T00:00:00Z,Manhattan Bridge Ped Path,2649
2017-02-01T00:00:00Z,Manhattan Bridge Ped Path,3156
2017-03-01T00:00:00Z,Manhattan Bridge Ped Path,2725
2017-04-01T00:00:00Z,Manhattan Bridge Ped Path,5392
2017-05-01T00:00:00Z,Manhattan Bridge Ped Path,6078
2017-06-01T00:00:00Z,Manhattan Bridge Ped Path,6707
2017-07-01T00:00:00Z,Manhattan Bridge Ped Path,7469
2017-08-01T00:00:00Z,Manhattan Bridge Ped Path,7994
2017-09-01T00:00:00Z,Manhattan Bridge Ped Path,7422
2017-10-01T00:00:00Z,Manhattan Bridge Ped Path,7515
2017-11-01T00:00:00Z,Manhattan Bridge Ped Path,4430
2017-12-01T00:00:00Z,Manhattan Bridge Ped Path,2900
2018-01-01T00:00:00Z,Manhattan Bridge Ped Path,2469
2018-02-01T00:00:00Z,Manhattan Bridge Ped Path,3146
2018-03-01T00:00:00Z,Manhattan Bridge Ped Path,3466
2018-04-01T00:00:00Z,Manhattan Bridge Ped Path,4639
2018-05-01T00:00:00Z,Manhattan Bridge Ped Path,6674
2018-06-01T00:00:00Z,Manhattan Bridge Ped Path,7940
2018-07-01T00:00:00Z,Manhattan Bridge Ped Path,7005
2018-08-01T00:00:00Z,Manhattan Bridge Ped Path,6395
2018-09-01T00:00:00Z,Manhattan Bridge Ped Path,6009
2018-10-01T00:00:00Z,Manhattan Bridge Ped Path,5492
2018-11-01T00:00:00Z,Manhattan Bridge Ped Path,3625
2018-12-01T00:00:00Z,Manhattan Bridge Ped Path,2983
2019-01-01T00:00:00Z,Manhattan Bridge Ped Path,2404
2019-02-01T00:00:00Z,Manhattan Bridge Ped Path,2563
2019-03-01T00:00:00Z,Manhattan Bridge Ped Path,3539
2019-04-01T00:00:00Z,Manhattan Bridge Ped Path,5198
2019-05-01T00:00:00Z,Manhattan Bridge Ped Path,5911
2019-06-01T00:00:00Z,Manhattan Bridge Ped Path,6496
2019-07-01T00:00:00Z,Manhattan Bridge Ped Path,6945
2019-08-01T00:00:00Z,Manhattan Bridge Ped Path,7056
2019-09-01T00:00:00Z,Manhattan Bridge Ped Path,6909
2019-10-01T00:00:00Z,Manhattan Bridge Ped Path,5153
2019-11-01T00:00:00Z,Manhattan Bridge Ped Path,3376
2019-12-01T00:00:00Z,Manhattan Bridge Ped Path,2386
2017-01-01T00:00:00Z,Prospect Park West,32039
2017-02-01T00:00:00Z,Prospect Park West,36430
2017-03-01T00:00:00Z,Prospect Park West,35263
2017-04-01T00:00:00Z,Prospect Park West,63343
2017-05-01T00:00:00Z,Prospect Park West,68620
2017-06-01T00:00:00Z,Prospect Park West,83533
2017-07-01T00:00:00Z,Prospect Park West,85501
2017-08-01T00:00:00Z,Prospect Park West,81250
2017-09-01T00:00:00Z,Prospect Park West,82350
2017-10-01T00:00:00Z,Prospect Park West,77003
2017-11-01T00:00:00Z,Prospect Park West,55526
2017-12-01T00:00:00Z,Prospect Park West,39099
2018-01-01T00:00:00Z,Prospect Park West,32889
2018-02-01T00:00:00Z,Prospect Park West,36569
2018-03-01T00:00:00Z,Prospect Park West,42969
2018-04-01T00:00:00Z,Prospect Park West,58473
2018-05-01T00:00:00Z,Prospect Park West,74643
2018-06-01T00:00:00Z,Prospect Park West,83958
2018-07-01T00:00:00Z,Prospect Park West,84075
2018-08-01T00:00:00Z,Prospect Park West,77449
2018-09-01T00:00:00Z,Prospect Park West,75345
2018-10-01T00:00:00Z,Prospect Park West,71307
2018-11-01T00:00:00Z,Prospect Park West,51417
2018-12-01T00:00:00Z,Prospect Park West,43075
2019-01-01T00:00:00Z,Prospect Park West,41954
2019-02-01T00:00:00Z,Prospect Park West,38666
2019-03-01T00:00:00Z,Prospect Park West,50691
2019-04-01T00:00:00Z,Prospect Park West,67085
2019-05-01T00:00:00Z,Prospect Park West,77645
2019-06-01T00:00:00Z,Prospect Park West,91040
2019-07-01T00:00:00Z,Prospect Park West,83462
2019-08-01T00:00:00Z,Prospect Park West,84881
2019-09-01T00:00:00Z,Prospect Park West,88917
2019-10-01T00:00:00Z,Prospect Park West,72341
2019-11-01T00:00:00Z,Prospect Park West,58110
2019-12-01T00:00:00Z,Prospect Park West,41080
2018-01-01T00:00:00Z,Pulaski Bridge,21246
2018-02-01T00:00:00Z,Pulaski Bridge,26802
2018-03-01T00:00:00Z,Pulaski Bridge,30530
2018-04-01T00:00:00Z,Pulaski Bridge,43041
2018-05-01T00:00:00Z,Pulaski Bridge,61451
2018-06-01T00:00:00Z,Pulaski Bridge,67319
2018-07-01T00:00:00Z,Pulaski Bridge,67830
2018-08-01T00:00:00Z,Pulaski Bridge,65686
2018-09-01T00:00:00Z,Pulaski Bridge,62602
2018-10-01T00:00:00Z,Pulaski Bridge,57309
2018-11-01T00:00:00Z,Pulaski Bridge,34935
2018-12-01T00:00:00Z,Pulaski Bridge,28505
2019-01-01T00:00:00Z,Pulaski Bridge,26455
2019-02-01T00:00:00Z,Pulaski Bridge,26306
2019-03-01T00:00:00Z,Pulaski Bridge,36447
2019-04-01T00:00:00Z,Pulaski Bridge,52402
2019-05-01T00:00:00Z,Pulaski Bridge,59392
2019-06-01T00:00:00Z,Pulaski Bridge,65756
2019-07-01T00:00:00Z,Pulaski Bridge,64223
2019-08-01T00:00:00Z,Pulaski Bridge,68244
2019-09-01T00:00:00Z,Pulaski Bridge,72399
2019-10-01T00:00:00Z,Pulaski Bridge,55042
2019-11-01T00:00:00Z,Pulaski Bridge,37136
2019-12-01T00:00:00Z,Pulaski Bridge,22734
2017-01-01T00:00:00Z,Staten Island Ferry,7812
2017-02-01T00:00:00Z,Staten Island Ferry,8261
2017-03-01T00:00:00Z,Staten Island Ferry,7572
2017-04-01T00:00:00Z,Staten Island Ferry,12834
2017-05-01T00:00:00Z,Staten Island Ferry,14770
2017-06-01T00:00:00Z,Staten Island Ferry,16027
2017-07-01T00:00:00Z,Staten Island Ferry,17025
2017-08-01T00:00:00Z,Staten Island Ferry,17962
2017-09-01T00:00:00Z,Staten Island Ferry,15398
2017-10-01T00:00:00Z,Staten Island Ferry,13412
2017-11-01T00:00:00Z,Staten Island Ferry,9794
2017-12-01T00:00:00Z,Staten Island Ferry,7387
2018-01-01T00:00:00Z,Staten Island Ferry,6206
2018-02-01T00:00:00Z,Staten Island Ferry,6656
2018-03-01T00:00:00Z,Staten Island Ferry,6978
2018-04-01T00:00:00Z,Staten Island Ferry,9700
2018-05-01T00:00:00Z,Staten Island Ferry,12762
2018-06-01T00:00:00Z,Staten Island Ferry,13585
2018-07-01T00:00:00Z,Staten Island Ferry,14349
2018-08-01T00:00:00Z,Staten Island Ferry,13900
2018-09-01T00:00:00Z,Staten Island Ferry,12896
2018-10-01T00:00:00Z,Staten Island Ferry,12500
2018-11-01T00:00:00Z,Staten Island Ferry,8676
2018-12-01T00:00:00Z,Staten Island Ferry,7632
2019-01-01T00:00:00Z,Staten Island Ferry,7144
2019-02-01T00:00:00Z,Staten Island Ferry,6739
2019-03-01T00:00:00Z,Staten Island Ferry,8142
2019-04-01T00:00:00Z,Staten Island Ferry,10882
2019-05-01T00:00:00Z,Staten Island Ferry,12780
2019-06-01T00:00:00Z,Staten Island Ferry,13138
2019-07-01T00:00:00Z,Staten Island Ferry,13811
2019-08-01T00:00:00Z,Staten Island Ferry,14868
2019-09-01T00:00:00Z,Staten Island Ferry,13951
2019-10-01T00:00:00Z,Staten Island Ferry,11674
2019-11-01T00:00:00Z,Staten Island Ferry,9573
2019-12-01T00:00:00Z,Staten Island Ferry,7096
2014-01-01T00:00:00Z,Williamsburg Bridge Bike Path,41692
2014-02-01T00:00:00Z,Williamsburg Bridge Bike Path,34168
2014-03-01T00:00:00Z,Williamsburg Bridge Bike Path,74091
2014-04-01T00:00:00Z,Williamsburg Bridge Bike Path,134031
2014-05-01T00:00:00Z,Williamsburg Bridge Bike Path,181715
2014-06-01T00:00:00Z,Williamsburg Bridge Bike Path,200950
2014-07-01T00:00:00Z,Williamsburg Bridge Bike Path,205069
2014-08-01T00:00:00Z,Williamsburg Bridge Bike Path,208860
2014-09-01T00:00:00Z,Williamsburg Bridge Bike Path,197335
2014-10-01T00:00:00Z,Williamsburg Bridge Bike Path,164480
2014-11-01T00:00:00Z,Williamsburg Bridge Bike Path,95903
2014-12-01T00:00:00Z,Williamsburg Bridge Bike Path,64490
2015-01-01T00:00:00Z,Williamsburg Bridge Bike Path,42019
2015-02-01T00:00:00Z,Williamsburg Bridge Bike Path,25492
2015-03-01T00:00:00Z,Williamsburg Bridge Bike Path,63096
2015-04-01T00:00:00Z,Williamsburg Bridge Bike Path,151140
2015-05-01T00:00:00Z,Williamsburg Bridge Bike Path,219240
2015-06-01T00:00:00Z,Williamsburg Bridge Bike Path,186583
2015-07-01T00:00:00Z,Williamsburg Bridge Bike Path,203547
2015-08-01T00:00:00Z,Williamsburg Bridge Bike Path,215483
2015-09-01T00:00:00Z,Williamsburg Bridge Bike Path,206019
2015-10-01T00:00:00Z,Williamsburg Bridge Bike Path,168514
2015-11-01T00:00:00Z,Williamsburg Bridge Bike Path,131300
2015-12-01T00:00:00Z,Williamsburg Bridge Bike Path,97191
2016-01-01T00:00:00Z,Williamsburg Bridge Bike Path,60899
2016-02-01T00:00:00Z,Williamsburg Bridge Bike Path,64731
2016-03-01T00:00:00Z,Williamsburg Bridge Bike Path,127931
2016-04-01T00:00:00Z,Williamsburg Bridge Bike Path,145919
2016-05-01T00:00:00Z,Williamsburg Bridge Bike Path,173626
2016-06-01T00:00:00Z,Williamsburg Bridge Bike Path,218633
2016-07-01T00:00:00Z,Williamsburg Bridge Bike Path,194781
2016-08-01T00:00:00Z,Williamsburg Bridge Bike Path,211541
2016-09-01T00:00:00Z,Williamsburg Bridge Bike Path,197796
2016-10-01T00:00:00Z,Williamsburg Bridge Bike Path,176085
2016-11-01T00:00:00Z,Williamsburg Bridge Bike Path,127467
2016-12-01T00:00:00Z,Williamsburg Bridge Bike Path,76939
2017-01-01T00:00:00Z,Williamsburg Bridge Bike Path,69271
2017-02-01T00:00:00Z,Williamsburg Bridge Bike Path,83716
2017-03-01T00:00:00Z,Williamsburg Bridge Bike Path,73559
2017-04-01T00:00:00Z,Williamsburg Bridge Bike Path,148359
2017-05-01T00:00:00Z,Williamsburg Bridge Bike Path,177159
2017-06-01T00:00:00Z,Williamsburg Bridge Bike Path,198781
2017-07-01T00:00:00Z,Williamsburg Bridge Bike Path,188090
2017-08-01T00:00:00Z,Williamsburg Bridge Bike Path,198658
2017-09-01T00:00:00Z,Williamsburg Bridge Bike Path,198404
2017-10-01T00:00:00Z,Williamsburg Bridge Bike Path,185745
2017-11-01T00:00:00Z,Williamsburg Bridge Bike Path,121968
2017-12-01T00:00:00Z,Williamsburg Bridge Bike Path,73484
2018-01-01T00:00:00Z,Williamsburg Bridge Bike Path,56600
2018-02-01T00:00:00Z,Williamsburg Bridge Bike Path,72110
2018-03-01T00:00:00Z,Williamsburg Bridge Bike Path,80244
2018-04-01T00:00:00Z,Williamsburg Bridge Bike Path,117491
2018-05-01T00:00:00Z,Williamsburg Bridge Bike Path,180084
2018-06-01T00:00:00Z,Williamsburg Bridge Bike Path,192324
2018-07-01T00:00:00Z,Williamsburg Bridge Bike Path,180935
2018-08-01T00:00:00Z,Williamsburg Bridge Bike Path,183377
2018-09-01T00:00:00Z,Williamsburg Bridge Bike Path,161792
2018-10-01T00:00:00Z,Williamsburg Bridge Bike Path,170737
2018-11-01T00:00:00Z,Williamsburg Bridge Bike Path,99683
2018-12-01T00:00:00Z,Williamsburg Bridge Bike Path,73597
2019-01-01T00:00:00Z,Williamsburg Bridge Bike Path,68047
2019-02-01T00:00:00Z,Williamsburg Bridge Bike Path,71462
2019-03-01T00:00:00Z,Williamsburg Bridge Bike Path,99802
2019-04-01T00:00:00Z,Williamsburg Bridge Bike Path,146807
2019-05-01T00:00:00Z,Williamsburg Bridge Bike Path,171246
2019-06-01T00:00:00Z,Williamsburg Bridge Bike Path,185716
2019-07-01T00:00:00Z,Williamsburg Bridge Bike Path,184614
2019-08-01T00:00:00Z,Williamsburg Bridge Bike Path,199009
2019-09-01T00:00:00Z,Williamsburg Bridge Bike Path,207790
2019-10-01T00:00:00Z,Williamsburg Bridge Bike Path,163751
2019-11-01T00:00:00Z,Williamsburg Bridge Bike Path,113823
2019-12-01T00:00:00Z,Williamsburg Bridge Bike Path,66817
